"","student","time","Multi","Math","Gender","Origin","Parent_Math"
"1",1,0,9.15576683207107,3.07978130916342,1,0,7
"2",1,1,8.38040783134386,3.69278767209329,1,0,7
"3",1,2,12.0178579090687,4.62445183406219,1,0,7
"4",1,3,12.0144454509401,4.53955842032847,1,0,7
"5",1,4,11.9543305531491,3.04405028590604,1,0,7
"6",1,5,13.173580573372,3.52294258862854,1,0,7
"7",2,0,8.81067043625588,3.54271611013561,0,0,6.25
"8",2,1,10.1047784442703,5.88388771104497,0,0,6.25
"9",2,2,10.4368265380357,4.19341442975329,0,0,6.25
"10",2,3,10.4315858630513,4.06303955834765,0,0,6.25
"11",2,4,12.0515465778331,4.55961216217818,0,0,6.25
"12",2,5,11.2081358761268,3.47966260044907,0,0,6.25
"13",3,0,9.69124679614942,5.54725418790027,1,0,6.25
"14",3,1,11.6249499811394,3.89795543206619,1,0,6.25
"15",3,2,12.0472427577766,4.45254389557257,1,0,6.25
"16",3,3,11.1830181336993,2.8547960615534,1,0,6.25
"17",3,4,13.219641056188,3.76588267237379,1,0,6.25
"18",3,5,13.7268535524073,6.43306112729054,1,0,6.25
"19",4,0,9.91136854205909,4.98502768044896,0,0,9.5
"20",4,1,10.7157457310947,5.09392118354499,0,0,9.5
"21",4,2,9.47716831511627,4.13421166858583,0,0,9.5
"22",4,3,10.6568894588072,3.62972450015633,0,0,9.5
"23",4,4,11.5636924782897,6.28671619915736,0,0,9.5
"24",4,5,10.6815674838009,4.24365197031444,0,0,9.5
"25",5,0,11.1815954743875,4.62526265442875,0,0,7.75
"26",5,1,11.2369993210906,6.00357163385664,0,0,7.75
"27",5,2,11.1735843954601,4.42596706977748,0,0,7.75
"28",5,3,11.9798337406504,4.58143513028113,0,0,7.75
"29",5,4,11.6153679331978,5.46543686624962,0,0,7.75
"30",5,5,12.3584394915304,4.04919978156614,0,0,7.75
"31",6,0,9.99056929640676,4.24655594513173,1,0,7.25
"32",6,1,9.62800251697447,5.17780074323981,1,0,7.25
"33",6,2,9.52981619731432,2.73517096033121,1,0,7.25
"34",6,3,9.16898046165819,3.70947979320276,1,0,7.25
"35",6,4,10.7698198062338,3.73036058459537,1,0,7.25
"36",6,5,11.193740653278,4.32545136327884,1,0,7.25
"37",7,0,9.61228231440331,2.98086267099288,0,0,5.75
"38",7,1,9.70419551171369,5.26743287720658,0,0,5.75
"39",7,2,11.3334287123984,5.99468171278138,0,0,5.75
"40",7,3,10.4193930375536,3.15775965832333,0,0,5.75
"41",7,4,12.0880731845604,4.86634974657677,0,0,5.75
"42",7,5,12.1054960263484,5.29978642493878,0,0,5.75
"43",8,0,11.0864621540297,4.66639557548834,1,1,9.75
"44",8,1,11.1017448643471,5.04659114157122,1,1,9.75
"45",8,2,12.3061899312477,5.15717327598668,1,1,9.75
"46",8,3,13.0987483418475,4.97204516482106,1,1,9.75
"47",8,4,13.1447511440158,6.11647969564334,1,1,9.75
"48",8,5,13.519410318611,5.48606341085422,1,1,9.75
"49",9,0,11.3176607630785,4.69948521814755,0,1,5
"50",9,1,10.9224146544104,4.81775013114278,0,1,5
"51",9,2,10.8620940127841,3.31712360526259,0,1,5
"52",9,3,12.4347734337476,2.63745600725353,0,1,5
"53",9,4,12.5628762312774,5.82433285122935,0,1,5
"54",9,5,14.1950655011783,6.62512128715481,0,1,5
"55",10,0,11.2349402527043,5.04941777097264,0,0,7
"56",10,1,11.1794879307644,3.66990284902986,0,0,7
"57",10,2,12.0108273232236,4.44954846222747,0,0,7
"58",10,3,10.9075791571078,6.85649183086115,0,0,7
"59",10,4,12.0018722353325,4.22676829827886,0,0,7
"60",10,5,12.0094271493751,4.41471564279422,0,0,7
"61",11,0,10.3175620034615,5.44008195795898,1,0,9.75
"62",11,1,11.5295933721681,5.73939228585178,1,0,9.75
"63",11,2,12.6615052154616,4.04552943397618,1,0,9.75
"64",11,3,14.3979974140615,7.441113570227,1,0,9.75
"65",11,4,14.3465122209185,6.1602908793965,1,0,9.75
"66",11,5,15.110950796338,5.27561167863096,1,0,9.75
"67",12,0,10.3914860544432,4.26936258959395,1,0,7.25
"68",12,1,12.0625765384688,6.03791582759472,1,0,7.25
"69",12,2,9.22193113021374,5.02675984287149,1,0,7.25
"70",12,3,11.5261608109798,2.64423410110727,1,0,7.25
"71",12,4,12.4907922024458,6.7398508977083,1,0,7.25
"72",12,5,13.214686682894,4.84653613304038,1,0,7.25
"73",13,0,11.1281862567468,5.10243384602145,0,1,9.25
"74",13,1,12.3220177720141,4.9489773912367,0,1,9.25
"75",13,2,13.8897208797241,4.14551157974796,0,1,9.25
"76",13,3,14.3863841721156,6.5502522577424,0,1,9.25
"77",13,4,15.5479699817825,5.59460338813804,0,1,9.25
"78",13,5,15.5307543730721,5.16632214985109,0,1,9.25
"79",14,0,9.43296036959567,2.13149927982139,1,1,8.75
"80",14,1,11.9749190336632,5.66307538934016,1,1,8.75
"81",14,2,11.5223692964024,4.35576950638506,1,1,8.75
"82",14,3,11.9108756399483,4.06983611295008,1,1,8.75
"83",14,4,13.1251376037772,4.42463806226389,1,1,8.75
"84",14,5,13.4829474970998,3.37505384858771,1,1,8.75
"85",15,0,8.67120343341301,3.38386741592317,0,1,9
"86",15,1,10.6375963723993,2.54780788713783,0,1,9
"87",15,2,10.2420387827446,2.65832393311018,0,1,9
"88",15,3,10.3262838370923,4.75412994279298,0,1,9
"89",15,4,11.1502065598415,5.34926738431957,0,1,9
"90",15,5,11.0990417847354,4.07641589194761,0,1,9
"91",16,0,10.0060667524116,4.63209384621289,1,0,7.25
"92",16,1,10.8688564051797,6.19414318710624,1,0,7.25
"93",16,2,11.2094629319341,4.71658228898737,1,0,7.25
"94",16,3,10.8308935057492,5.24972130516353,1,0,7.25
"95",16,4,11.1527763943913,3.30636317321609,1,0,7.25
"96",16,5,11.1647251922936,3.60361934624621,1,0,7.25
"97",17,0,10.4149024305941,3.34702106699159,0,0,6
"98",17,1,8.82643332249976,3.63388078522797,0,0,6
"99",17,2,10.4668911675642,4.64037066741066,0,0,6
"100",17,3,10.0003742690667,2.98559678547691,0,0,6
"101",17,4,10.5264431635126,6.12187521344758,0,0,6
"102",17,5,11.2386754117605,3.93843331288047,0,0,6
"103",18,0,9.58237150585636,2.83870957992283,0,1,6.25
"104",18,1,11.6773913329158,5.20256495555605,0,1,6.25
"105",18,2,8.02256835362219,3.83870650283126,0,1,6.25
"106",18,3,10.4038316821724,3.37258503219948,0,1,6.25
"107",18,4,10.0817348221714,5.3106200925047,0,1,6.25
"108",18,5,10.8422741675474,4.32893781159978,0,1,6.25
"109",19,0,10.0408031893282,3.69039062526704,1,1,5.75
"110",19,1,9.31120927999551,5.44191787017608,1,1,5.75
"111",19,2,12.1169255662004,5.58412475785583,1,1,5.75
"112",19,3,11.6850614139428,4.7914244348289,1,1,5.75
"113",19,4,11.7181038747579,5.61343812438133,1,1,5.75
"114",19,5,11.7454076683069,6.29268814149331,1,1,5.75
"115",20,0,11.1363828876953,4.40341610318307,0,0,8.5
"116",20,1,11.4854224239555,3.13564736602641,0,0,8.5
"117",20,2,12.7434153791077,4.57836688076233,0,0,8.5
"118",20,3,12.7985716714689,5.95051732801926,0,0,8.5
"119",20,4,13.5577614033261,4.93526004208331,0,0,8.5
"120",20,5,13.1099654889934,3.74621737041157,0,0,8.5
"121",21,0,10.3891073385174,3.90920962774197,1,0,7
"122",21,1,9.60630533175747,4.33705263723443,1,0,7
"123",21,2,9.95230426796866,2.99364138426296,1,0,7
"124",21,3,9.98209632487147,3.73479316321539,1,0,7
"125",21,4,10.0199822363779,4.6772997783796,1,0,7
"126",21,5,10.3991958592041,4.16018676162405,1,0,7
"127",22,0,11.1325864529201,4.91092324337343,0,1,9
"128",22,1,10.7378687180037,5.04233277230828,0,1,9
"129",22,2,12.2322386396508,2.41452091166497,0,1,9
"130",22,3,12.322793446603,4.6672977670622,0,1,9
"131",22,4,11.941686736032,5.13731550085886,0,1,9
"132",22,5,13.1527356294891,5.41218430457621,0,1,9
"133",23,0,11.3018825144909,5.51086776357572,0,1,6
"134",23,1,12.8249863108996,3.59788275980933,0,1,6
"135",23,2,11.2603558874432,4.47778926178895,0,1,6
"136",23,3,12.0888147477513,5.18577444767591,0,1,6
"137",23,4,11.6884097897697,5.17570010707453,0,1,6
"138",23,5,12.1335431900923,6.29850609688654,0,1,6
"139",24,0,10.6337002389925,3.35381124073397,1,0,9.75
"140",24,1,11.5131686976074,5.33078750877575,1,0,9.75
"141",24,2,11.9049358789936,5.12597559594648,1,0,9.75
"142",24,3,10.6817709272397,4.54968959938854,1,0,9.75
"143",24,4,11.5517205459011,6.28986096375719,1,0,9.75
"144",24,5,11.8902744169836,4.76123513219823,1,0,9.75
"145",25,0,13.9273308246544,5.08115283749334,1,0,9.25
"146",25,1,12.2650290853643,3.53124156223921,1,0,9.25
"147",25,2,11.9335013123008,5.23465911975646,1,0,9.25
"148",25,3,13.0126021111018,2.22698971529541,1,0,9.25
"149",25,4,13.5573689909393,5.82842720163569,1,0,9.25
"150",25,5,14.3709600624142,6.16653902903692,1,0,9.25
"151",26,0,9.19098508726303,4.55787624625292,0,0,7.5
"152",26,1,11.1635230691618,3.87468999846423,0,0,7.5
"153",26,2,8.34885904241731,3.50988573054293,0,0,7.5
"154",26,3,11.1474116534914,3.47387831820609,0,0,7.5
"155",26,4,11.1431091168191,3.36684197898773,0,0,7.5
"156",26,5,9.9073989338307,2.47846204151172,0,0,7.5
"157",27,0,8.69587021873273,3.09458587396805,0,0,8.25
"158",27,1,9.51664817139551,3.61148930998275,0,0,8.25
"159",27,2,9.94810964906134,4.39417209743073,0,0,8.25
"160",27,3,8.75590842666884,4.58818615682604,0,0,8.25
"161",27,4,11.1995475641532,5.67381862873075,0,0,8.25
"162",27,5,9.92392203585687,3.79244484464035,0,0,8.25
"163",28,0,10.276695204304,3.21951245904032,1,0,8.75
"164",28,1,12.3799610497994,5.7885081260257,1,0,8.75
"165",28,2,11.5773040248315,5.72240799778936,1,0,8.75
"166",28,3,12.2907018889854,3.56796370235919,1,0,8.75
"167",28,4,12.3769510637285,5.71362720933282,1,0,8.75
"168",28,5,12.750530412684,5.05634756641925,1,0,8.75
"169",29,0,11.5492349246041,4.42216613533938,1,0,8.25
"170",29,1,10.7665030781101,4.85175455657372,1,0,8.25
"171",29,2,11.6201544351286,6.18646598073722,1,0,8.25
"172",29,3,11.5067742482229,3.36585082491625,1,0,8.25
"173",29,4,13.2405647796692,6.69422424713147,1,0,8.25
"174",29,5,12.8264695920457,6.34357127221526,1,0,8.25
"175",30,0,11.754384484682,6.81698532144009,1,0,6
"176",30,1,12.0999690549929,5.46326568240596,1,0,6
"177",30,2,12.8671274029865,4.64624761320333,1,0,6
"178",30,3,12.5216454594707,6.00252034993148,1,0,6
"179",30,4,12.9826936778787,7.52124716434929,1,0,6
"180",30,5,13.2178739266685,3.42094444894793,1,0,6
"181",31,0,10.5298743758504,5.00332932205835,1,1,5
"182",31,1,8.83570891057041,2.66072832824905,1,1,5
"183",31,2,8.4466169538756,2.9320931328648,1,1,5
"184",31,3,9.69273352088793,4.0793578481503,1,1,5
"185",31,4,10.5099376712392,4.50735403115366,1,1,5
"186",31,5,11.3032960191113,4.34212635634561,1,1,5
"187",32,0,11.0796054202439,3.29191134468897,1,1,8.75
"188",32,1,11.5149717191765,4.17173630791302,1,1,8.75
"189",32,2,11.9939771774894,6.13719428775637,1,1,8.75
"190",32,3,13.1625503516571,5.35537355116168,1,1,8.75
"191",32,4,13.6524840876104,7.59269971521462,1,1,8.75
"192",32,5,14.3578697212858,5.23893118742591,1,1,8.75
"193",33,0,9.09799633516947,2.84650186157614,1,0,8
"194",33,1,11.9491599197996,4.11932373788766,1,0,8
"195",33,2,9.5885240755488,5.09860536841256,1,0,8
"196",33,3,11.2323537770936,6.18897859698446,1,0,8
"197",33,4,11.1727854878087,4.70706871353067,1,0,8
"198",33,5,11.9511059970727,4.16773726762894,1,0,8
"199",34,0,9.49095290119357,4.7781141204742,0,1,9.75
"200",34,1,11.0678210301212,4.20265108844054,0,1,9.75
"201",34,2,10.222188553747,3.06742933611054,0,1,9.75
"202",34,3,10.6961029040254,4.90623329575956,0,1,9.75
"203",34,4,10.2338175287996,3.35672911745014,0,1,9.75
"204",34,5,10.2986200634167,4.96885391866036,0,1,9.75
"205",35,0,9.92456603833137,4.41041894512269,0,0,8.75
"206",35,1,9.96609338090085,5.44351524729955,0,0,8.75
"207",35,2,10.3197702194774,4.2911109803614,0,0,8.75
"208",35,3,12.7951707184392,6.16688659806116,0,0,8.75
"209",35,4,13.5840367848208,5.88990220806169,0,0,8.75
"210",35,5,14.3487288456765,5.01152909024551,0,0,8.75
"211",36,0,10.0191849729649,4.95844232666504,0,0,7.25
"212",36,1,11.6449277275366,5.59885760272934,0,0,7.25
"213",36,2,12.0149898328925,4.8540777459411,0,0,7.25
"214",36,3,12.8289335312496,5.20096204722348,0,0,7.25
"215",36,4,12.0030973102431,4.55822156029466,0,0,7.25
"216",36,5,14.1008969493085,6.99123169822132,0,0,7.25
"217",37,0,8.7487296043463,3.50666563543822,0,0,7.5
"218",37,1,9.99812424040744,4.73548050065053,0,0,7.5
"219",37,2,13.2005019157642,4.79463111002794,0,0,7.5
"220",37,3,12.3987658794848,4.75144287428545,0,0,7.5
"221",37,4,13.274387482836,6.63271901556799,0,0,7.5
"222",37,5,13.6126508842605,5.09686702622765,0,0,7.5
"223",38,0,11.6746784501075,6.3389810870038,1,0,7.25
"224",38,1,12.8263538817056,5.13678682579317,1,0,7.25
"225",38,2,12.802744867534,4.54945366817882,1,0,7.25
"226",38,3,13.6355155620808,5.36470649345589,1,0,7.25
"227",38,4,14.5338864347509,7.8119274931476,1,0,7.25
"228",38,5,15.2802585736242,6.47780058794218,1,0,7.25
"229",39,0,9.55060282622218,5.05814903393232,0,0,8.75
"230",39,1,9.15446230048468,5.1541630897865,0,0,8.75
"231",39,2,11.9811128410893,5.81716180933064,0,0,8.75
"232",39,3,12.3688052996005,5.51098099413126,0,0,8.75
"233",39,4,12.3570291215237,5.21801917013571,0,0,8.75
"234",39,5,11.5840082118261,5.8891913834993,0,0,8.75
"235",40,0,9.94456374595985,3.70400597546262,1,1,7.75
"236",40,1,11.5929364968494,4.90739889631846,1,1,7.75
"237",40,2,12.826607198557,5.74504164621574,1,1,7.75
"238",40,3,14.4946446862718,7.43764398044928,1,1,7.75
"239",40,4,13.2490286256363,6.30283061059252,1,1,7.75
"240",40,5,14.4397351477459,6.07163215076312,1,1,7.75
"241",41,0,11.5324968817738,4.0057655403656,1,1,8.25
"242",41,1,14.0243617100849,6.29113244698829,1,1,8.25
"243",41,2,12.744290728812,4.29916692388128,1,1,8.25
"244",41,3,14.0078862808537,5.88126502079665,1,1,8.25
"245",41,4,15.2083261753042,5.89220849326623,1,1,8.25
"246",41,5,15.6253486514988,6.31568507814786,1,1,8.25
"247",42,0,9.84591278147489,3.6576287185218,0,0,9.75
"248",42,1,9.91676201785825,5.42018031924725,0,0,9.75
"249",42,2,13.5495665875674,6.23627587374535,0,0,9.75
"250",42,3,10.2487277362313,3.72765774445366,0,0,9.75
"251",42,4,11.0985702455895,4.96761457585859,0,0,9.75
"252",42,5,11.9096284832951,5.24271584108248,0,0,9.75
"253",43,0,8.014151435122,3.02736171435362,1,0,5.75
"254",43,1,10.0632627623006,4.24912856394942,1,0,5.75
"255",43,2,12.5586722760595,6.6226783689233,1,0,5.75
"256",43,3,13.3419858047787,6.20756074496783,1,0,5.75
"257",43,4,12.8853384150708,4.79831552930507,1,0,5.75
"258",43,5,14.5347599472015,6.02779950138359,1,0,5.75
"259",44,0,12.3577951894306,5.23707702148941,1,0,8.75
"260",44,1,12.0184563965102,6.74617596309935,1,0,8.75
"261",44,2,12.3475067754489,4.98112704294295,1,0,8.75
"262",44,3,11.4756494976874,3.19349789677952,1,0,8.75
"263",44,4,12.2905502636064,3.5641916425864,1,0,8.75
"264",44,5,12.7769855227346,5.71448446312068,1,0,8.75
"265",45,0,10.8707154561348,4.73550939135256,1,0,6
"266",45,1,12.5252981062853,6.09338905675997,1,0,6
"267",45,2,12.0622515022471,4.52494741164961,1,0,6
"268",45,3,13.2350187077321,3.84746367273094,1,0,6
"269",45,4,12.4966441352588,5.38055000473919,1,0,6
"270",45,5,12.9203065417068,5.96921142850084,1,0,6
"271",46,0,11.693533241505,4.40022936039128,0,0,5.25
"272",46,1,8.90013084606632,4.56436124203452,0,0,5.25
"273",46,2,10.8793565552938,4.04754890467954,0,0,5.25
"274",46,3,9.67375164040186,3.90811265640159,0,0,5.25
"275",46,4,10.4590253409734,3.54175920002805,0,0,5.25
"276",46,5,9.75176505603313,5.84889109831634,0,0,5.25
"277",47,0,10.5030668128993,6.74423600548099,1,0,7
"278",47,1,9.99091707098913,3.95423124022076,1,0,7
"279",47,2,11.2059890849109,4.3291852075469,1,0,7
"280",47,3,8.7748233749365,3.55386037968448,1,0,7
"281",47,4,11.1958475169899,4.07688839130022,1,0,7
"282",47,5,10.8765855810649,6.08544926420489,1,0,7
"283",48,0,11.6225145935369,4.13834555224321,1,0,6.5
"284",48,1,10.0121901318927,3.88149879811251,1,0,6.5
"285",48,2,10.8339437398759,4.42267409554052,1,0,6.5
"286",48,3,11.7239240245505,6.66115827522777,1,0,6.5
"287",48,4,12.0171828026301,4.00570394483421,1,0,6.5
"288",48,5,12.826536167373,4.23839223960488,1,0,6.5
"289",49,0,12.5196551027463,7.15691112120046,0,0,7
"290",49,1,10.770546219821,3.44745547004429,0,0,7
"291",49,2,11.9797740133366,3.67701986709949,0,0,7
"292",49,3,10.7669464292515,3.35790169424719,0,0,7
"293",49,4,12.0464326234718,5.33531917974404,0,0,7
"294",49,5,13.6608487830982,5.69395713440503,0,0,7
"295",50,0,9.45899168509188,3.68202262632244,0,0,9.5
"296",50,1,10.7839020984709,6.78948094608624,0,0,9.5
"297",50,2,9.53513948773917,5.5763892885328,0,0,9.5
"298",50,3,12.7380563695622,5.64895400466385,0,0,9.5
"299",50,4,11.9094239717216,4.93665163949152,0,0,9.5
"300",50,5,11.8618896559985,3.7541168862051,0,0,9.5
"301",51,0,6.8043754069528,2.18220568040678,0,0,5.25
"302",51,1,10.1135997125131,4.89943291432811,0,0,5.25
"303",51,2,13.3321745121249,5.3615274189448,0,0,5.25
"304",51,3,12.8619744485027,3.61512561104289,0,0,5.25
"305",51,4,12.1252758307702,5.18990550055197,0,0,5.25
"306",51,5,13.3470780424626,5.73228993656565,0,0,5.25
"307",52,0,9.92621924809934,4.45154666465231,1,0,8.75
"308",52,1,11.5695606978724,5.52977341168264,1,0,8.75
"309",52,2,11.9504178803752,5.05354804434796,1,0,8.75
"310",52,3,13.1222703205304,4.35330723451742,1,0,8.75
"311",52,4,13.0799692195173,3.3009617596888,1,0,8.75
"312",52,5,13.1325680826046,4.60948977019789,1,0,8.75
"313",53,0,11.2563127386889,4.07622937876071,0,0,5.75
"314",53,1,13.7298892709993,5.9066292732334,0,0,5.75
"315",53,2,10.922873777889,5.73210137085064,0,0,5.75
"316",53,3,12.1179233030834,5.60894595325599,0,0,5.75
"317",53,4,11.2542533782653,4.02499764788619,0,0,5.75
"318",53,5,12.0669602865638,4.34111370932953,0,0,5.75
"319",54,0,11.3071982453385,5.04115690547873,1,0,5.5
"320",54,1,10.0837887662365,4.45878768077686,1,0,5.5
"321",54,2,13.3425465501414,5.92053421980975,1,0,5.5
"322",54,3,13.2829576013948,4.43811038068054,1,0,5.5
"323",54,4,12.941552490042,5.89580449358095,1,0,5.5
"324",54,5,13.7408571882945,5.87850712707821,1,0,5.5
"325",55,0,9.55304989582014,4.51707306682995,0,0,8.25
"326",55,1,11.1888765479012,5.40835046370032,0,0,8.25
"327",55,2,12.7696271029292,4.92947247178038,0,0,8.25
"328",55,3,12.7581571840442,4.64412960962664,0,0,8.25
"329",55,4,12.3895637393757,5.42544606691874,0,0,8.25
"330",55,5,13.947271539821,4.37332203808613,0,0,8.25
"331",56,0,8.83934711308553,3.05221416279611,0,0,5.25
"332",56,1,8.06121345164427,3.59619391467644,0,0,5.25
"333",56,2,10.5151962214715,4.93915005969126,0,0,5.25
"334",56,3,10.5004625067714,4.5726121299275,0,0,5.25
"335",56,4,11.706683466812,4.72737403897835,0,0,5.25
"336",56,5,12.4830333323663,4.13901791190467,0,0,5.25
"337",57,0,9.91758389956275,4.23672081524398,0,0,8.75
"338",57,1,11.5746666705685,5.65679722743782,0,0,8.75
"339",57,2,11.1164901408155,4.20951083629102,0,0,8.75
"340",57,3,11.1276245797203,4.48650779655106,0,0,8.75
"341",57,4,13.5522488126856,5.09909705573058,0,0,8.75
"342",57,5,13.2205483011227,6.79821731190612,0,0,8.75
"343",58,0,10.0557600872161,4.66443372535493,1,0,6.25
"344",58,1,8.85972432319547,4.76305399041073,1,0,6.25
"345",58,2,9.63967970737442,4.26439413880483,1,0,6.25
"346",58,3,11.2702563198928,5.0250636970127,1,0,6.25
"347",58,4,11.561713358634,2.32478660328221,1,0,6.25
"348",58,5,12.4302547404038,4.02992455989624,1,0,6.25
"349",59,0,11.2448164548171,4.39218355319674,0,0,6.25
"350",59,1,11.2714349741721,5.05438566423051,0,0,6.25
"351",59,2,10.469072992142,4.99562546552544,0,0,6.25
"352",59,3,12.4875104707197,5.45430376665023,0,0,6.25
"353",59,4,12.0916726713184,5.55784889574811,0,0,6.25
"354",59,5,13.3102721317541,6.02055689991367,0,0,6.25
"355",60,0,8.10465079280776,5.27875913084193,0,0,5.75
"356",60,1,10.8705988939076,4.43163314928045,0,0,5.75
"357",60,2,10.4588325111374,4.13891500798237,0,0,5.75
"358",60,3,11.2829502202616,4.73890322229082,0,0,5.75
"359",60,4,12.495692476976,5.05589866381291,0,0,5.75
"360",60,5,11.7110309232896,5.43748080192371,0,0,5.75
"361",61,0,9.64504230702579,4.3978021906352,0,0,6.25
"362",61,1,12.48157399031,5.30661899850171,0,0,6.25
"363",61,2,12.8690086426161,4.99402461044601,0,0,6.25
"364",61,3,13.3238035956079,6.35718583895622,0,0,6.25
"365",61,4,14.0884631428544,5.47800386395226,0,0,6.25
"366",61,5,14.1577112656684,7.20072376812593,0,0,6.25
"367",62,0,9.58914473703896,4.51209294075924,0,1,7.5
"368",62,1,8.74107783473764,3.31630876695851,0,1,7.5
"369",62,2,9.99846983963491,4.7440781440787,0,1,7.5
"370",62,3,11.9589887065877,3.76188641128147,0,1,7.5
"371",62,4,11.5665494556864,3.94997891738115,0,1,7.5
"372",62,5,13.6226397033046,5.34536383288673,0,1,7.5
"373",63,0,10.3564243250983,6.10590274659643,1,1,9.5
"374",63,1,12.2629162021015,3.779654782864,1,1,9.5
"375",63,2,12.3369479658892,5.6213796966305,1,1,9.5
"376",63,3,13.9516614594361,5.98741457473291,1,1,9.5
"377",63,4,13.5530201935326,6.02121647689933,1,1,9.5
"378",63,5,13.4986863459196,4.66952639564445,1,1,9.5
"379",64,0,9.65888596876786,3.83926843425378,1,0,5.5
"380",64,1,11.635539805956,3.25847436031096,1,0,5.5
"381",64,2,10.8532915256878,3.70009269843327,1,0,5.5
"382",64,3,13.3124720523103,5.17235601777204,1,0,5.5
"383",64,4,12.9264196702661,5.51933782885494,1,0,5.5
"384",64,5,13.7871098470174,7.02915746336073,1,0,5.5
"385",65,0,7.50317149425952,4.17915272446523,0,1,9
"386",65,1,11.519678225685,4.58979887087232,0,1,9
"387",65,2,9.49640243189404,4.01075540197144,0,1,9
"388",65,3,11.1037466274352,4.19346059779239,0,1,9
"389",65,4,11.0936079165731,3.94123485801689,0,1,9
"390",65,5,10.6631472419164,3.18344954351032,0,1,9
"391",66,0,9.11839387948248,5.15980048469236,1,1,9.5
"392",66,1,10.7391317778685,5.67570747059298,1,1,9.5
"393",66,2,12.737796043428,5.64247774228034,1,1,9.5
"394",66,3,13.1156416860442,5.09133280320841,1,1,9.5
"395",66,4,13.6036475708571,7.28069885806369,1,1,9.5
"396",66,5,14.7572724783639,6.12700267614133,1,1,9.5
"397",67,0,10.4514378270412,6.96471844055671,1,1,8.25
"398",67,1,12.000158939908,5.68902812667663,1,1,8.25
"399",67,2,9.92875400652063,3.91265217590905,1,1,8.25
"400",67,3,9.48652931209673,2.86220750570415,1,1,8.25
"401",67,4,10.3266026053838,3.85913070255052,1,1,8.25
"402",67,5,10.3084250440455,3.4069184915287,1,1,8.25
"403",68,0,9.15771287497159,3.42917044952376,0,0,7.25
"404",68,1,8.39167905207865,4.27416388751407,0,0,7.25
"405",68,2,9.12775850116879,2.68398063252746,0,0,7.25
"406",68,3,11.2255170858076,5.11596943911835,0,0,7.25
"407",68,4,10.7985480351745,4.44504698758654,0,0,7.25
"408",68,5,12.3946529615773,4.34814730942193,0,0,7.25
"409",69,0,9.24448180871243,4.38385839603911,0,1,6.25
"410",69,1,9.17641268863192,2.69046912775268,0,1,6.25
"411",69,2,9.97995290746552,2.77854090792434,0,1,6.25
"412",69,3,10.8626323040439,4.83539727258067,0,1,6.25
"413",69,4,10.8528283162092,4.59149860361019,0,1,6.25
"414",69,5,11.2595712912172,4.75924693797036,0,1,6.25
"415",70,0,10.6461358421703,3.0612249786553,0,0,9.25
"416",70,1,9.52088877607556,4.9208907991961,0,0,9.25
"417",70,2,11.9056758276848,4.54243073517049,0,0,9.25
"418",70,3,12.6943454126881,4.26055838045188,0,0,9.25
"419",70,4,11.5737869578851,6.23686511004532,0,0,9.25
"420",70,5,12.3352837866889,5.27900261936683,0,0,9.25
"421",71,0,11.5140772302939,3.84850719851526,1,0,8.5
"422",71,1,11.1952444940155,5.86774548394933,1,0,8.5
"423",71,2,12.0296292943907,6.72315322065314,1,0,8.5
"424",71,3,11.1021552965772,3.55191933915861,1,0,8.5
"425",71,4,11.5744722062662,5.35098297679866,1,0,8.5
"426",71,5,11.1159930291142,3.89616747616719,1,0,8.5
"427",72,0,12.0091752580522,4.70942568311581,1,0,7.25
"428",72,1,12.3542904340043,3.34402868775978,1,0,7.25
"429",72,2,13.9729636285064,3.80857101087448,1,0,7.25
"430",72,3,12.8065073951581,4.64305593441401,1,0,7.25
"431",72,4,14.8689092753703,6.19545846506697,1,0,7.25
"432",72,5,14.8729436695373,6.29582409015864,1,0,7.25
"433",73,0,10.2817668583547,4.85056484144023,0,0,10
"434",73,1,9.8723083932235,4.61526191217146,0,0,10
"435",73,2,10.2372987127995,3.74430872449996,0,0,10
"436",73,3,11.0905381842849,5.06877346792516,0,0,10
"437",73,4,10.3026923035598,5.37113752259867,0,0,10
"438",73,5,10.2801064645138,4.80925840016391,0,0,10
"439",74,0,14.0027796763126,6.05520195204146,0,0,8.5
"440",74,1,11.5343165103728,4.3520098094338,0,0,8.5
"441",74,2,11.157037774806,4.91725797640859,0,0,8.5
"442",74,3,12.3753836271319,5.37365684581447,0,0,8.5
"443",74,4,12.4391673578489,6.96043635699056,0,0,8.5
"444",74,5,13.213109682463,6.31218663960337,0,0,8.5
"445",75,0,10.1262581912248,4.91336770319501,1,0,5
"446",75,1,10.1119596566789,4.55765596601175,1,0,5
"447",75,2,12.9411125096459,5.28290595155563,1,0,5
"448",75,3,12.1412356747649,5.28596999132025,1,0,5
"449",75,4,12.8521989195372,3.07095846175519,1,0,5
"450",75,5,12.1278483030186,4.9529257031179,1,0,5
"451",76,0,9.56421013949506,3.59080612226705,0,0,7.25
"452",76,1,11.6181847263278,4.933558694868,0,0,7.25
"453",76,2,11.1384734622161,2.95054203402958,0,0,7.25
"454",76,3,13.6760982604403,6.37430241299699,0,0,7.25
"455",76,4,13.1962566952844,4.38804418844189,0,0,7.25
"456",76,5,14.0588034986486,5.94405204424063,0,0,7.25
"457",77,0,9.59611313582246,4.0834963227675,1,0,7
"458",77,1,12.4505849013227,5.43861745572292,1,0,7
"459",77,2,12.9408902939247,7.68518950659809,1,0,7
"460",77,3,15.2468095362667,5.34469582632218,1,0,7
"461",77,4,16.0532332580945,5.50450194094205,1,0,7
"462",77,5,16.09984810837,6.66416269615723,1,0,7
"463",78,0,9.62456898030095,5.09238294808788,0,0,7.25
"464",78,1,9.99241161427431,4.29238820066832,0,0,7.25
"465",78,2,8.43311809993375,5.30506363827972,0,0,7.25
"466",78,3,9.91730257915146,2.42386347348008,0,0,7.25
"467",78,4,9.17686460400371,3.90561751353401,0,0,7.25
"468",78,5,11.1574005039576,3.42139944084648,0,0,7.25
"469",79,0,9.24415538500495,4.67671425725675,1,0,6.5
"470",79,1,7.19547198457118,3.46559315357955,1,0,6.5
"471",79,2,8.84131030251166,4.60593572866933,1,0,6.5
"472",79,3,9.21474462607981,3.94504821725086,1,0,6.5
"473",79,4,10.0273243827435,4.25800106439651,1,0,6.5
"474",79,5,11.3297548965307,6.80621577008452,1,0,6.5
"475",80,0,12.3330133303946,5.22251935179628,1,1,9.25
"476",80,1,11.0800996637011,3.90615981580645,1,1,9.25
"477",80,2,11.8781798840441,3.85840050490383,1,1,9.25
"478",80,3,12.3761829844472,6.29647225146307,1,1,9.25
"479",80,4,13.5688487495071,6.11401485045896,1,1,9.25
"480",80,5,12.7221015630519,4.95106190245076,1,1,9.25
"481",81,0,9.24398402984492,3.46854550704486,1,1,5.5
"482",81,1,9.61620405908607,2.77744939326082,1,1,5.5
"483",81,2,11.3763971952917,6.7626535119991,1,1,5.5
"484",81,3,12.5192881588076,5.34192368046886,1,1,5.5
"485",81,4,13.3604274337757,6.36536583241366,1,1,5.5
"486",81,5,14.5951598519478,7.22942142949819,1,1,5.5
"487",82,0,13.1196595161525,4.58933342454977,1,1,9
"488",82,1,12.7083926836547,4.30904284320008,1,1,9
"489",82,2,10.709583415359,4.33866526651346,1,1,9
"490",82,3,12.7272905616379,4.77917472873579,1,1,9
"491",82,4,13.0266317728975,2.27503610596334,1,1,9
"492",82,5,14.2931107266551,3.92886601777816,1,1,9
"493",83,0,10.0126777696309,2.99070060686764,1,1,5.75
"494",83,1,12.4482294617264,3.87513768777634,1,1,5.75
"495",83,2,12.8721185555949,4.46943852695621,1,1,5.75
"496",83,3,13.3279226467642,5.85770458652453,1,1,5.75
"497",83,4,13.7066027142574,5.32731804906395,1,1,5.75
"498",83,5,13.6948416672101,5.03473264719369,1,1,5.75
"499",84,0,9.12753640548514,5.08626717380499,0,0,9.25
"500",84,1,8.29388214112172,4.24903334387313,0,0,9.25
"501",84,2,9.50868353113925,4.61725486608111,0,0,9.25
"502",84,3,8.28426539941752,4.00979288978004,0,0,9.25
"503",84,4,8.70872512102044,4.61828951818779,0,0,9.25
"504",84,5,9.40853829915792,2.1258922495723,0,0,9.25
"505",85,0,9.61067238744408,4.44569404797924,1,0,7
"506",85,1,11.1916937769171,3.9735537389029,1,0,7
"507",85,2,12.4506382003737,5.43994340265418,1,0,7
"508",85,3,13.1876409798025,3.8727302945525,1,0,7
"509",85,4,12.4132892492951,4.5107950184322,1,0,7
"510",85,5,13.1998020263794,4.17526668315419,1,0,7
"511",86,0,10.8599125344156,4.76773621430197,0,0,6.25
"512",86,1,10.0690602673099,4.99530890356329,0,0,6.25
"513",86,2,12.1312628896297,6.54275439677653,0,0,6.25
"514",86,3,9.99130982124414,3.0610724859854,0,0,6.25
"515",86,4,10.4203821043668,3.7843180955401,0,0,6.25
"516",86,5,10.4430190244152,4.34746798541342,0,0,6.25
"517",87,0,9.22917624693158,2.79918847987424,1,0,5.25
"518",87,1,10.9371921236662,5.48635303041734,1,0,5.25
"519",87,2,10.8617269123824,3.60896753217758,1,0,5.25
"520",87,3,12.9312957484838,5.33966597990231,1,0,5.25
"521",87,4,12.4860348500348,4.21368815595202,1,0,5.25
"522",87,5,12.9362545837587,5.46302938503845,1,0,5.25
"523",88,0,10.8816717154134,4.40612075721347,0,0,5.5
"524",88,1,11.3039204744707,4.95961417354807,0,0,5.5
"525",88,2,10.0766511484645,4.2812216225983,0,0,5.5
"526",88,3,10.840313248849,3.37722566719194,0,0,5.5
"527",88,4,12.6098056932996,7.59377329038324,0,0,5.5
"528",88,5,12.0678815841379,4.06305682040087,0,0,5.5
"529",89,0,10.2846559043729,4.01950767527927,0,0,9.25
"530",89,1,11.0650613422154,3.53204403192573,0,0,9.25
"531",89,2,12.7023549939288,4.45981670640745,0,0,9.25
"532",89,3,11.9091292367134,4.62834290475693,0,0,9.25
"533",89,4,12.2921834695708,4.20677464901671,0,0,9.25
"534",89,5,14.005943486849,7.03683903344134,0,0,9.25
"535",90,0,9.6119164385622,3.87468999335475,1,0,6.5
"536",90,1,10.0220405995251,4.12655376807042,1,0,6.5
"537",90,2,10.8683005192602,5.2773847401543,1,0,6.5
"538",90,3,12.0307545970386,4.34333620709286,1,0,6.5
"539",90,4,12.1114962316471,6.35198590593135,1,0,6.5
"540",90,5,12.9169048043251,6.48653765155271,1,0,6.5
"541",91,0,7.87448186302291,3.46542653570717,0,1,9
"542",91,1,9.89026090128767,3.8579694983579,0,1,9
"543",91,2,9.11934482066975,4.58150458891099,0,1,9
"544",91,3,9.9097490956197,4.34278697654917,0,1,9
"545",91,4,11.0733797211364,3.4380080052413,0,1,9
"546",91,5,11.5418977347449,5.14256462051266,0,1,9
"547",92,0,10.8774480945134,5.80592997342072,1,1,6.75
"548",92,1,12.8764219776307,5.78040275469047,1,1,6.75
"549",92,2,15.3098494557246,6.61199471008923,1,1,6.75
"550",92,3,16.1529937680556,7.6853171711767,1,1,6.75
"551",92,4,16.0696033915601,5.61077340641581,1,1,6.75
"552",92,5,16.0628932882154,5.44384283673019,1,1,6.75
"553",93,0,11.5848576253337,5.91032266470752,0,0,8.75
"554",93,1,13.9766592048039,5.70636649007782,0,0,8.75
"555",93,2,12.7962732551303,6.19431495027797,0,0,8.75
"556",93,3,13.139703197132,4.78699355391841,0,0,8.75
"557",93,4,13.5885085620475,6.00114882851045,0,0,8.75
"558",93,5,13.5495718890121,5.032501897525,0,0,8.75
"559",94,0,10.7120815492932,4.701789049401,1,0,9.25
"560",94,1,11.4645262307764,3.51873179919676,1,0,9.25
"561",94,2,11.8733418104706,3.73804134852381,1,0,9.25
"562",94,3,10.6876699376814,4.09448927711083,1,0,9.25
"563",94,4,10.6456957492095,3.05027656774419,1,0,9.25
"564",94,5,11.1412749737967,5.4280483531849,1,0,9.25
"565",95,0,9.91923367512173,3.97678663453088,1,0,8.5
"566",95,1,9.94140127613251,4.52826104188192,1,0,8.5
"567",95,2,11.5239825476391,4.09492669198825,1,0,8.5
"568",95,3,11.1972255374812,5.91702888501028,1,0,8.5
"569",95,4,10.7381021061895,4.4461859545413,1,0,8.5
"570",95,5,11.5229156941249,4.0683860478651,1,0,8.5
"571",96,0,9.65968441057525,4.16010813291295,1,1,5.75
"572",96,1,10.0322182447227,3.47681869945715,1,1,5.75
"573",96,2,11.2936752431955,5.00571493833653,1,1,5.75
"574",96,3,13.3564857751915,6.56828370213864,1,1,5.75
"575",96,4,13.6680517215544,4.36826587903619,1,1,5.75
"576",96,5,15.3667502680465,6.82363858295024,1,1,5.75
"577",97,0,9.26769112149357,5.26222444960097,0,1,6.5
"578",97,1,10.0691882010787,5.29946804111738,0,1,6.5
"579",97,2,12.0181147970212,4.02888963164888,0,1,6.5
"580",97,3,12.8907747677958,5.83648777010419,0,1,6.5
"581",97,4,11.6412509714785,4.60445972112308,0,1,6.5
"582",97,5,11.6419818562114,4.62264230320566,0,1,6.5
"583",98,0,13.1706752154827,5.25652335344672,1,1,8.5
"584",98,1,9.53249939500413,4.30680452896492,1,1,8.5
"585",98,2,12.7431754114213,4.57239708558352,1,1,8.5
"586",98,3,12.7435481027108,4.58166871167827,1,1,8.5
"587",98,4,12.3233716109936,4.07972811798143,1,1,8.5
"588",98,5,13.1014221076264,3.53367943390502,1,1,8.5
"589",99,0,8.79228103503069,4.28913971604662,1,1,7.25
"590",99,1,10.7978359994124,4.42733332070294,1,1,7.25
"591",99,2,10.8136568287499,4.82091594060258,1,1,7.25
"592",99,3,11.2781917999141,6.42638443305998,1,1,7.25
"593",99,4,11.1764889016675,3.89627098013673,1,1,7.25
"594",99,5,11.2247813891883,5.09766714935102,1,1,7.25
"595",100,0,10.823264154739,4.7589456895574,0,0,7
"596",100,1,8.03163147827785,4.96710374813352,0,0,7
"597",100,2,7.9397905660927,2.68233181483954,0,0,7
"598",100,3,9.23086225147172,4.94796731127583,0,0,7
"599",100,4,9.57113916908998,3.46220656316273,0,0,7
"600",100,5,10.8147465683805,4.54704946827193,0,0,7
"601",101,0,11.1986358206636,5.95211319935851,1,1,8.5
"602",101,1,10.7605339509,5.00423408349895,1,1,8.5
"603",101,2,12.4422290401919,7.03660334748914,1,1,8.5
"604",101,3,14.3667587106523,5.15909051986515,1,1,8.5
"605",101,4,14.4272216355955,6.66325669840303,1,1,8.5
"606",101,5,14.7989246045944,5.95929742046591,1,1,8.5
"607",102,0,12.3112024500579,4.07796633017337,0,1,8.75
"608",102,1,11.5051705731227,3.92790833533506,0,1,8.75
"609",102,2,10.6596839954118,2.79631617642867,0,1,8.75
"610",102,3,10.269803220757,3.04805716533376,0,1,8.75
"611",102,4,11.5391850323676,4.77410291201886,0,1,8.75
"612",102,5,10.833993510852,7.13270046430341,0,1,8.75
"613",103,0,8.86882394607839,4.38747689160765,1,0,5.75
"614",103,1,9.66521999968283,4.29781972926294,1,0,5.75
"615",103,2,11.2694928392491,4.40411727884215,1,0,5.75
"616",103,3,11.2768191012597,4.58637633332582,1,0,5.75
"617",103,4,12.5072526363032,5.3434864822123,1,0,5.75
"618",103,5,11.67369789521,4.5087285420459,1,0,5.75
"619",104,0,9.12956621446279,4.53481080725453,1,0,8.75
"620",104,1,11.1348276223565,4.66570146153081,1,0,8.75
"621",104,2,11.4719317435048,3.10100948165682,1,0,8.75
"622",104,3,11.9333702032379,4.62944452311431,1,0,8.75
"623",104,4,13.5055099055347,3.93635007608562,1,0,8.75
"624",104,5,13.5515186425522,5.08093225109617,1,0,8.75
"625",105,0,13.5320505668454,4.897591739648,1,1,9
"626",105,1,15.6265940943859,7.24959797586346,1,1,9
"627",105,2,15.5795351417771,6.07888906659158,1,1,9
"628",105,3,13.9101843418552,4.35361481306922,1,1,9
"629",105,4,15.5716842705275,5.88357904781921,1,1,9
"630",105,5,15.4970067774476,4.02579000611456,1,1,9
"631",106,0,7.14987216148478,2.33118373328816,0,0,6.5
"632",106,1,11.238777864338,4.54293500791846,0,0,6.5
"633",106,2,10.4359446108523,4.47245075542162,0,0,6.5
"634",106,3,9.22091958962689,4.098665848716,0,0,6.5
"635",106,4,10.1149415589535,6.4376970225074,0,0,6.5
"636",106,5,10.8155168102229,3.96425822524694,0,0,6.5
"637",107,0,9.57165250150608,4.67888285122344,0,0,8
"638",107,1,9.90003178459221,2.89713874662093,0,0,8
"639",107,2,9.20755578246052,5.57206658259253,0,0,8
"640",107,3,9.17195391448953,4.68638125153909,0,0,8
"641",107,4,10.3240152986159,3.49378852283957,0,0,8
"642",107,5,10.7320626373856,3.69398616157484,0,0,8
"643",108,0,10.8615382294231,4.2062265040432,0,0,5.75
"644",108,1,7.99254937314353,2.48995650206462,0,0,5.75
"645",108,2,8.04536270120883,3.80381986422481,0,0,5.75
"646",108,3,10.5126891064786,5.47873224771502,0,0,5.75
"647",108,4,10.0633712208796,4.25182674182393,0,0,5.75
"648",108,5,10.8116300818367,2.96463675786959,0,0,5.75
"649",109,0,10.7088869412823,3.11743287250723,0,0,8
"650",109,1,10.7712614356544,4.66915411202876,0,0,8
"651",109,2,10.8555572696752,6.76622339283229,0,0,8
"652",109,3,12.4098484348791,5.62910203415988,0,0,8
"653",109,4,11.1094782225284,3.13214246939255,0,0,8
"654",109,5,10.7621867418573,4.44339845262279,0,0,8
"655",110,0,10.027443567139,3.65901314228631,0,0,6
"656",110,1,9.23916368014748,3.95058020776499,0,0,6
"657",110,2,8.82873891373353,3.69123812211872,0,0,6
"658",110,3,8.85105881746512,4.24650143981044,0,0,6
"659",110,4,8.86195550662977,4.51758378183932,0,0,6
"660",110,5,9.22818088337429,3.6773557240418,0,0,6
"661",111,0,9.6811700048833,4.39363945546502,1,0,5.5
"662",111,1,10.0832338062175,4.4449816650757,1,0,5.5
"663",111,2,8.86924933807941,4.09708311372511,1,0,5.5
"664",111,3,9.70986631379211,5.10753176798713,1,0,5.5
"665",111,4,8.88426708281073,4.47068699947848,1,0,5.5
"666",111,5,10.1258025572072,5.50398560115025,1,0,5.5
"667",112,0,12.0367106256696,4.19053082031743,1,0,6.25
"668",112,1,14.0534621007506,4.60726557605866,1,0,6.25
"669",112,2,12.8727822359465,5.08790216374659,1,0,6.25
"670",112,3,11.6254877421194,3.91133357873946,1,0,6.25
"671",112,4,12.007493068903,3.46367116625517,1,0,6.25
"672",112,5,12.4399743211889,4.27172339282198,1,0,6.25
"673",113,0,10.7501723524645,5.64939285615516,0,0,9.25
"674",113,1,9.4456728741404,3.04970749330287,0,0,9.25
"675",113,2,11.9249336436607,5.02151697670792,0,0,9.25
"676",113,3,9.86363687053118,3.49660674317882,0,0,9.25
"677",113,4,10.2969465150102,4.32526729328504,0,0,9.25
"678",113,5,11.0641452826437,3.50925476351755,0,0,9.25
"679",114,0,11.1622691123534,6.85325935009395,1,1,10
"680",114,1,9.07687382577104,4.72883844249744,1,1,10
"681",114,2,11.0369695611839,3.736120256472,1,1,10
"682",114,3,11.4604632779053,4.32058510222067,1,1,10
"683",114,4,11.8508855509811,4.08231523816452,1,1,10
"684",114,5,12.2879524618277,5.00444716761999,1,1,10
"685",115,0,8.71854527549009,4.56161390683459,1,1,9
"686",115,1,8.22000380441649,2.11014884602837,1,1,9
"687",115,2,12.3379029770247,5.04318505096923,1,1,9
"688",115,3,11.9416954673585,5.13753271439949,1,1,9
"689",115,4,11.8985984724925,4.06538739336019,1,1,9
"690",115,5,12.7590770811195,5.56994374268355,1,1,9
"691",116,0,10.1244081021639,5.46929505127018,1,0,5.5
"692",116,1,9.2715198471251,4.15356769361942,1,0,5.5
"693",116,2,11.2825743559536,4.42857619371704,1,0,5.5
"694",116,3,10.9235415944461,5.44773850891336,1,0,5.5
"695",116,4,11.7047011545103,4.97903553817763,1,0,5.5
"696",116,5,12.4608618403976,3.88842317298693,1,0,5.5
"697",117,0,11.2588161598098,4.13850822789444,1,1,5.75
"698",117,1,8.47048258738147,4.42873973413088,1,1,5.75
"699",117,2,12.0231032687959,3.25006092152557,1,1,5.75
"700",117,3,12.5183855836442,5.62044633609845,1,1,5.75
"701",117,4,12.0942593880421,5.02024699947089,1,1,5.75
"702",117,5,12.5230679017641,5.73693068679258,1,1,5.75
"703",118,0,10.1408693530465,5.87880975564873,1,0,5.5
"704",118,1,9.64038168357781,3.37892815188943,1,0,5.5
"705",118,2,12.1196627965383,5.35124372914831,1,0,5.5
"706",118,3,13.3676254822526,6.54443525521406,1,0,5.5
"707",118,4,13.3171226351641,5.28805087450781,1,0,5.5
"708",118,5,14.5248376795282,5.47998186046732,1,0,5.5
"709",119,0,9.62085097084966,3.49500585390954,0,0,6
"710",119,1,10.0446445559088,4.0869306730566,0,0,6
"711",119,2,10.4310460320444,3.74863344886508,0,0,6
"712",119,3,10.0351746618751,3.85134342131258,0,0,6
"713",119,4,11.2894101544552,5.20058667562065,0,0,6
"714",119,5,11.6416050870561,4.01131629857386,0,0,6
"715",120,0,9.900805739601,5.02322806937738,0,0,9.75
"716",120,1,12.711832772158,5.2975530286398,0,0,9.75
"717",120,2,12.7325980840667,5.81414199434485,0,0,9.75
"718",120,3,11.0833157814508,4.58812170397637,0,0,9.75
"719",120,4,11.8344247721815,3.37183581230656,0,0,9.75
"720",120,5,13.1047280619653,5.12080562863684,0,0,9.75
"721",121,0,11.5861006794936,6.54319967114924,0,0,9.25
"722",121,1,10.7363129356106,5.30460526763681,0,0,9.25
"723",121,2,10.2778895445354,3.851177584913,0,0,9.25
"724",121,3,11.9237976385954,4.99325601514449,0,0,9.25
"725",121,4,13.0603966480332,3.41599812067133,0,0,9.25
"726",121,5,13.1412769566401,5.42809768136277,0,0,9.25
"727",122,0,12.0671177118429,4.94698298754038,1,0,6.25
"728",122,1,13.2199127284008,3.77264119678445,1,0,6.25
"729",122,2,11.6613220177908,4.80280063144971,1,0,6.25
"730",122,3,12.1463336999815,6.91767842229749,1,0,6.25
"731",122,4,12.4213448048315,3.80826767258071,1,0,6.25
"732",122,5,14.4784535152674,5.22898939284912,1,0,6.25
"733",123,0,11.6768417462799,6.09182201333829,0,1,7
"734",123,1,9.25225974893941,5.48028347074911,0,1,7
"735",123,2,9.19383766250781,4.02688824429145,0,1,7
"736",123,3,9.619746409123,4.67143298676828,0,1,7
"737",123,4,8.800036255068,4.18109370643788,0,1,7
"738",123,5,10.0378186160215,5.1210242431275,0,1,7
"739",124,0,9.89684483934279,4.02176139154558,1,1,9
"740",124,1,12.3342119752965,4.95136216992719,1,1,9
"741",124,2,9.88921140544864,3.8318606697317,1,1,9
"742",124,3,13.1131531847925,4.4274721916165,1,1,9
"743",124,4,11.9634710071703,5.67925362080812,1,1,9
"744",124,5,13.5087061227129,4.31684042214419,1,1,9
"745",125,0,11.0794941641957,4.19207296995292,0,1,9.5
"746",125,1,8.99104681772199,1.99172445435807,0,1,9.5
"747",125,2,10.732528926379,5.51144505851575,0,1,9.5
"748",125,3,9.47976900165635,4.19891023780407,0,1,9.5
"749",125,4,10.3120296498157,5.00147438607436,0,1,9.5
"750",125,5,11.9057802784419,4.84600567419267,0,1,9.5
"751",126,0,9.946880786377,3.76164813936807,1,0,7.75
"752",126,1,10.7421422170701,3.64376439998951,1,0,7.75
"753",126,2,8.35317310113814,3.91818517520143,1,0,7.75
"754",126,3,12.3425972979168,3.65508567197168,1,0,7.75
"755",126,4,12.0988341197399,7.54186659514849,1,0,7.75
"756",126,5,12.0052658573052,5.21412251278427,1,0,7.75
"757",127,0,10.8796294617265,5.25824399628063,0,0,6.25
"758",127,1,9.20236731482055,3.33615523913826,0,0,6.25
"759",127,2,9.64608696309609,4.42379061793381,0,0,6.25
"760",127,3,10.4324740315267,4.08513496611673,0,0,6.25
"761",127,4,9.2980344529016,5.71611409217639,0,0,6.25
"762",127,5,10.0423956820155,4.33196078730506,0,0,6.25
"763",128,0,11.9491974245166,5.92611555567158,1,0,9.5
"764",128,1,10.6876476741818,4.39491188270902,1,0,9.5
"765",128,2,9.06626368556608,3.86293178964688,1,0,9.5
"766",128,3,10.648136976918,3.41198466622744,1,0,9.5
"767",128,4,11.5027664425594,4.77102898382534,1,0,9.5
"768",128,5,12.3283671652089,5.4079108613034,1,0,9.5
"769",129,0,10.7407575067741,4.51224567218876,1,0,8.5
"770",129,1,11.1994852727732,5.97324544089042,1,0,8.5
"771",129,2,10.7679457678497,5.18862153064556,1,0,8.5
"772",129,3,10.757545571035,4.92989067510786,1,0,8.5
"773",129,4,11.5550424072645,4.86761822820736,1,0,8.5
"774",129,5,11.5435359822868,4.58136718587709,1,0,8.5
"775",130,0,9.62971009234663,5.22028094287486,0,0,7.25
"776",130,1,11.6037544422434,4.57456935905741,0,0,7.25
"777",130,2,14.416813807098,4.89945365709662,0,0,7.25
"778",130,3,12.4629489781491,6.04718119428206,0,0,7.25
"779",130,4,12.0438151303776,5.57117897126299,0,0,7.25
"780",130,5,12.4292473941076,5.20877016924623,0,0,7.25
"781",131,0,11.2701156801253,4.11863553457944,1,0,5.5
"782",131,1,12.4930838861381,4.69002698973366,1,0,5.5
"783",131,2,12.8765024793499,4.27752310728361,1,0,5.5
"784",131,3,12.4547565280626,3.73653828927572,1,0,5.5
"785",131,4,13.7325155978139,5.67098924255882,1,0,5.5
"786",131,5,14.9162274339874,5.26578051073855,1,0,5.5
"787",132,0,8.77084273072693,3.15385545322441,0,0,6.75
"788",132,1,10.8132329516382,4.20841800796963,0,0,6.75
"789",132,2,13.6704122087062,5.63089475180071,0,0,6.75
"790",132,3,12.0539753230407,5.22198619301542,0,0,6.75
"791",132,4,13.2893013386627,6.10080900833698,0,0,6.75
"792",132,5,14.9052019200224,6.49637565885457,0,0,6.75
"793",133,0,10.1416245920514,5.29564527959314,0,0,5
"794",133,1,11.317989775342,4.70767021944382,0,0,5
"795",133,2,9.27609658189312,3.66547246344686,0,0,5
"796",133,3,8.47769978415147,3.70535612135172,0,0,5
"797",133,4,9.30417181189428,4.36391388787532,0,0,5
"798",133,5,10.0968833213617,4.18259449318879,0,0,5
"799",134,0,9.97016565368316,3.43798793744123,1,0,7
"800",134,1,12.4350939788364,5.0532420922224,1,0,7
"801",134,2,11.17726908338,3.61470348191069,1,0,7
"802",134,3,11.1806939222288,3.69990489696353,1,0,7
"803",134,4,11.6281691470001,4.88096961532737,1,0,7
"804",134,5,12.8806057625854,6.18546131424106,1,0,7
"805",135,0,12.0444870803133,3.7820366088259,1,0,5.75
"806",135,1,10.8779727956662,4.61507736140756,1,0,5.75
"807",135,2,12.0994565796874,5.14954011427633,1,0,5.75
"808",135,3,12.4908186790507,4.93465077500923,1,0,5.75
"809",135,4,12.1334264289771,5.99462490697737,1,0,5.75
"810",135,5,12.0612657667719,4.19944831550391,1,0,5.75
"811",136,0,11.3725893690301,6.06597139764071,1,0,5
"812",136,1,10.0798916857434,3.75988514462329,1,0,5
"813",136,2,11.3267833572951,4.92643252005272,1,0,5
"814",136,3,9.62316046380095,2.34855439287377,1,0,5
"815",136,4,11.3580027240691,5.70309219473705,1,0,5
"816",136,5,10.8767278157673,3.68117598168048,1,0,5
"817",137,0,11.309295945567,4.49138950325461,0,0,5
"818",137,1,8.51561979761945,4.64871110792998,0,0,5
"819",137,2,10.9327137475785,5.07396578110815,0,0,5
"820",137,3,11.3153525894076,4.6420636366854,0,0,5
"821",137,4,12.6012828467218,6.77979327657084,0,0,5
"822",137,5,12.1328679557851,5.0778020951636,0,0,5
"823",138,0,9.90769954570066,3.3888699092963,1,0,8.25
"824",138,1,11.1342031194016,4.0482124602692,1,0,8.25
"825",138,2,10.7585589538505,4.65412463641078,1,0,8.25
"826",138,3,10.7886265843165,5.40213199560191,1,0,8.25
"827",138,4,11.5337324462981,4.03650329198106,1,0,8.25
"828",138,5,12.3359051141188,4.09055382718238,1,0,8.25
"829",139,0,9.89697038524967,4.92781405651908,1,0,9.75
"830",139,1,12.3912647614763,7.27362203189915,1,0,9.75
"831",139,2,11.9046100678229,5.11787022982122,1,0,9.75
"832",139,3,13.1767216749004,6.91182645254976,1,0,9.75
"833",139,4,13.104728965803,5.12082811385718,1,0,9.75
"834",139,5,13.4968209028135,4.92409530779759,1,0,9.75
"835",140,0,9.94213243249346,2.74059158705514,0,0,7
"836",140,1,11.6173586109267,4.61203054648789,0,0,7
"837",140,2,10.4181747831332,4.63233486736045,0,0,7
"838",140,3,10.3830283537878,3.75797970893321,0,0,7
"839",140,4,11.6541653295926,5.52768954598717,0,0,7
"840",140,5,11.1703341794966,3.44218043770549,0,0,7
"841",141,0,10.8545482073207,3.430379325113,1,0,5.25
"842",141,1,12.5191669093323,5.03793083140084,1,0,5.25
"843",141,2,12.4910759102315,4.33909711125667,1,0,5.25
"844",141,3,12.5489857342369,5.77974853121152,1,0,5.25
"845",141,4,13.7829686595418,6.62515862242921,1,0,5.25
"846",141,5,12.485647123487,4.2040424902757,1,0,5.25
"847",142,0,11.1164084827095,2.4016205927459,1,0,7.25
"848",142,1,11.5341539398129,2.84308313235472,1,0,7.25
"849",142,2,12.3979765742862,4.43083047157416,1,0,7.25
"850",142,3,12.0205893481051,4.99337966371628,1,0,7.25
"851",142,4,12.4234751123822,5.06517025322226,1,0,7.25
"852",142,5,11.5361329654587,2.89231633511035,1,0,7.25
"853",143,0,11.5717760880317,4.38098090880891,1,0,7.75
"854",143,1,10.7894577881272,4.82085733370293,1,0,7.75
"855",143,2,9.46038131829288,1.60975796078376,1,0,7.75
"856",143,3,11.5981920884973,5.03814485696146,1,0,7.75
"857",143,4,12.0239006247364,5.67770886659304,1,0,7.75
"858",143,5,12.0761561409498,6.97769526658958,1,0,7.75
"859",144,0,9.87549138946295,3.49054102576675,1,0,9
"860",144,1,12.0173931583397,7.02070172539804,1,0,9
"861",144,2,11.5406230425447,5.11085347029161,1,0,9
"862",144,3,11.9734347613517,5.92712687644303,1,0,9
"863",144,4,11.9036069267303,4.18998519405254,1,0,9
"864",144,5,13.6129674830004,6.91060200447447,1,0,9
"865",145,0,9.58561839046186,3.82241333615004,1,1,7
"866",145,1,10.0238490479015,4.77349636691793,1,1,7
"867",145,2,11.1866058888135,3.84697982252641,1,1,7
"868",145,3,11.6817785427521,6.21463714824746,1,1,7
"869",145,4,11.5860463642706,3.83306025290222,1,1,7
"870",145,5,12.893862876127,6.51526510446544,1,1,7
"871",146,0,10.2842660971862,3.10688085135026,1,1,8.5
"872",146,1,9.54290246536112,4.56560687103894,1,1,8.5
"873",146,2,9.07880209337167,2.97095011784878,1,1,8.5
"874",146,3,9.90284537946938,3.56908687360572,1,1,8.5
"875",146,4,9.92267301911229,4.06234890118955,1,1,8.5
"876",146,5,11.5281678421347,4.19904633941603,1,1,8.5
"877",147,0,10.3187647643966,3.96512130980185,0,0,8.5
"878",147,1,11.6415542473329,7.01981619078196,0,0,8.5
"879",147,2,13.5266639815241,4.16163405296307,0,0,8.5
"880",147,3,13.9715936546236,5.27937181957844,0,0,8.5
"881",147,4,14.4052073133799,6.11559548367797,0,0,8.5
"882",147,5,15.5018948362917,3.54543973942402,0,0,8.5
"883",148,0,10.0033017110628,5.16525947232849,0,1,7.75
"884",148,1,12.0464460177399,6.23858179276373,0,1,7.75
"885",148,2,9.87547438757536,1.98523573276341,0,1,7.75
"886",148,3,10.4006348394394,5.09891438396085,0,1,7.75
"887",148,4,11.1843875283344,4.69472196555924,0,1,7.75
"888",148,5,11.1930494241401,4.91020824455108,0,1,7.75
"889",149,0,10.8844371650149,5.07687115029099,1,1,6
"890",149,1,10.8962238325754,5.37009392637755,1,1,6
"891",149,2,9.65448449826214,4.33172380042555,1,1,6
"892",149,3,11.6926304180779,5.28069877128611,1,1,6
"893",149,4,12.0703193024483,4.72565407956758,1,1,6
"894",149,5,12.432714563371,3.79014233040819,1,1,6
"895",150,0,10.7919205836782,3.6782196574924,0,0,6.75
"896",150,1,11.2861452299957,6.02229292733074,0,0,6.75
"897",150,2,9.67020908993394,5.62584166533962,0,0,6.75
"898",150,3,9.63901555274498,4.84982456605594,0,0,6.75
"899",150,4,10.489586066492,6.1078923237934,0,0,6.75
"900",150,5,10.8602008860789,5.37686261312088,0,0,6.75
"901",151,0,9.67361411744866,4.20566789539397,1,1,5.5
"902",151,1,10.085569060292,4.50307693917173,1,1,5.5
"903",151,2,10.0380447474884,3.32079103347432,1,1,5.5
"904",151,3,11.67904938412,4.34088372072816,1,1,5.5
"905",151,4,10.8374965047599,3.30715212714288,1,1,5.5
"906",151,5,11.6664390857267,4.02717107182467,1,1,5.5
"907",152,0,9.51016498540304,4.95508620445035,0,1,9.5
"908",152,1,11.588554994883,6.90523335836045,0,1,9.5
"909",152,2,10.727491312531,5.38612183973757,0,1,9.5
"910",152,3,10.6824113481442,4.26464520221042,0,1,9.5
"911",152,4,11.1099385244026,4.9494524217986,0,1,9.5
"912",152,5,11.5121829075438,5.00528705460553,0,1,9.5
"913",153,0,10.0610715801985,4.79657037122849,1,0,6.25
"914",153,1,11.9962539719831,3.1840705766365,1,0,6.25
"915",153,2,10.8306872520133,4.04068436576758,1,0,6.25
"916",153,3,11.2012436734559,3.30820185548818,1,0,6.25
"917",153,4,12.0726350509205,5.08424056884041,1,0,6.25
"918",153,5,12.0671421340757,4.94759055154011,1,0,6.25
"919",154,0,10.3589706301192,3.4604602482846,0,0,7.25
"920",154,1,10.7633663229425,3.56981407928515,0,0,7.25
"921",154,2,12.8111701058359,4.75905250104524,0,0,7.25
"922",154,3,13.2279033473121,5.17533365035258,0,0,7.25
"923",154,4,13.6793756069801,6.4558345887085,0,0,7.25
"924",154,5,14.104068680594,7.07013643085682,0,0,7.25
"925",155,0,10.8003597813918,4.4901186970143,0,0,7.25
"926",155,1,12.4884550858833,6.68170928957475,0,0,7.25
"927",155,2,9.93538867951469,2.87380036445256,0,0,7.25
"928",155,3,10.7588153984515,3.45659847307878,0,0,7.25
"929",155,4,10.8928866271562,6.79195494023975,0,0,7.25
"930",155,5,11.6088360518102,4.7009870811597,0,0,7.25
"931",156,0,10.2853160862421,4.63788427858934,0,0,9.75
"932",156,1,10.5838475667904,2.1136015832184,0,0,9.75
"933",156,2,10.6524866358234,3.82116975433776,0,0,9.75
"934",156,3,11.8804831694457,4.51765340990886,0,0,9.75
"935",156,4,11.0377913022495,3.45558665089097,0,0,9.75
"936",156,5,11.114213351249,5.35677587565574,0,0,9.75
"937",157,0,13.3224010542565,5.11838825908896,1,0,5.25
"938",157,1,12.1342480255505,5.4131112410708,1,0,5.25
"939",157,2,12.500700815417,4.57854065232543,1,0,5.25
"940",157,3,13.3723321711541,6.36054942420887,1,0,5.25
"941",157,4,13.7569062224972,5.97679044689608,1,0,5.25
"942",157,5,13.6885236573549,4.27560345031345,1,0,5.25
"943",158,0,12.0949723117754,5.94091215402096,1,0,6.5
"944",158,1,11.2576281185192,5.01188213250685,1,0,6.5
"945",158,2,11.6465403508745,4.73604623633905,1,0,6.5
"946",158,3,10.8669524862529,5.24384905429405,1,0,6.5
"947",158,4,11.2411146516096,4.60106842411956,1,0,6.5
"948",158,5,11.1908691409169,3.35108592859236,1,0,6.5
"949",159,0,11.9814421445569,4.62144819216719,1,0,7.75
"950",159,1,12.0503267396266,6.33512443630535,1,0,7.75
"951",159,2,12.4360745978453,5.9805668349431,1,0,7.75
"952",159,3,13.6696508668021,6.81586033445252,1,0,7.75
"953",159,4,15.2270201882835,5.75531579651969,1,0,7.75
"954",159,5,15.9679750876414,4.2864215364808,1,0,7.75
"955",160,0,11.5851500075936,5.61661993751189,1,0,8.5
"956",160,1,10.7808678897875,5.51009156855749,1,0,8.5
"957",160,2,12.8032444169628,6.06676353574719,1,0,8.5
"958",160,3,13.5695342119192,5.22813804176412,1,0,8.5
"959",160,4,14.7375917067944,4.43348849558832,1,0,8.5
"960",160,5,15.2356092184685,6.87191875848498,1,0,8.5
"961",161,0,10.3792715652912,4.56744961498391,0,0,7.75
"962",161,1,9.93800556356716,3.54085481866611,0,0,7.75
"963",161,2,10.7368564731269,3.51226832573714,0,0,7.75
"964",161,3,11.1830868142287,4.6623634554884,0,0,7.75
"965",161,4,11.2057200938688,5.22542278111722,0,0,7.75
"966",161,5,12.4345215841186,5.94193174203884,0,0,7.75
"967",162,0,6.7492644760163,2.61704250614762,1,0,6.75
"968",162,1,10.0114031290491,4.16289660367536,1,0,6.75
"969",162,2,8.71391499822976,1.73763601091981,1,0,6.75
"970",162,3,10.8876817409751,6.06051747320491,1,0,6.75
"971",162,4,10.4015458016393,3.91767097963381,1,0,6.75
"972",162,5,10.0564712483676,5.28407856556156,1,0,6.75
"973",163,0,8.78843679089786,4.49448101340607,1,1,7.5
"974",163,1,9.94939402781853,3.52319482776728,1,1,7.5
"975",163,2,11.6174454281025,5.21614327188541,1,1,7.5
"976",163,3,11.6479410041398,5.97479684535008,1,1,7.5
"977",163,4,12.9266951478548,7.93400274726933,1,1,7.5
"978",163,5,12.8085487300219,4.99481570021958,1,1,7.5
"979",164,0,10.0116455487732,3.56697446796723,0,1,6.25
"980",164,1,9.65783790228643,4.71612456163221,0,1,6.25
"981",164,2,10.4659853116162,4.91881170533416,0,1,6.25
"982",164,3,11.2398539335644,4.2687284501636,0,1,6.25
"983",164,4,11.2637937923347,4.86429219298837,0,1,6.25
"984",164,5,13.3326879995222,6.57820756254942,0,1,6.25
"985",165,0,11.1338327920666,5.54388197205492,1,0,9.5
"986",165,1,10.7048818698521,4.8236555180177,1,0,9.5
"987",165,2,11.5003210866781,4.71019465246437,1,0,9.5
"988",165,3,11.4866943976972,4.37119675069509,1,0,9.5
"989",165,4,11.5132085923464,5.03080352426716,1,0,9.5
"990",165,5,11.520030088795,5.20050527545867,1,0,9.5
"991",166,0,12.1017346404566,5.80816549358882,1,1,6.25
"992",166,1,10.0689490139775,4.99254119922153,1,1,6.25
"993",166,2,12.8461727765396,4.42592544153957,1,1,6.25
"994",166,3,12.9239707245808,6.36134358932512,1,1,6.25
"995",166,4,12.9299120993019,6.50915011568606,1,1,6.25
"996",166,5,13.6320798405771,4.07532848231194,1,1,6.25
"997",167,0,10.7720584343635,3.48507558140422,0,0,7
"998",167,1,11.6021478680504,4.23362535014081,0,0,7
"999",167,2,12.3769275220347,3.60620629088233,0,0,7
"1000",167,3,11.2420952178763,5.227415389025,0,0,7
"1001",167,4,14.5385474967179,7.62690657826019,0,0,7
"1002",167,5,14.0660120571079,5.82240646336416,0,0,7
"1003",168,0,11.5837873760775,4.98076814586005,0,0,8
"1004",168,1,11.5643501339573,4.49721823111894,0,0,8
"1005",168,2,12.0002438595158,5.3901642481631,0,0,8
"1006",168,3,13.2622155464603,6.93186464748434,0,0,8
"1007",168,4,13.5791235620105,4.86474412966892,0,0,8
"1008",168,5,14.0439913191997,6.47849150516213,0,0,8
"1009",169,0,11.5024420956389,5.06393651030237,0,0,9.75
"1010",169,1,10.6807401921259,4.52404749062923,0,0,9.75
"1011",169,2,11.9810605280009,7.01976625356749,0,0,9.75
"1012",169,3,12.7170664363744,5.42775348969155,0,0,9.75
"1013",169,4,14.3044581389703,5.11409062038562,0,0,9.75
"1014",169,5,14.3622478370695,6.55175360857969,0,0,9.75
"1015",170,0,9.66713132082125,3.44243921623378,0,0,5
"1016",170,1,12.5268204478293,4.92735523967139,0,0,5
"1017",170,2,12.959093920635,5.73023843303078,0,0,5
"1018",170,3,14.902325311763,4.31797758808939,0,0,5
"1019",170,4,14.5645476468697,5.8659134860828,0,0,5
"1020",170,5,15.8449138695361,7.86522387580234,0,0,5
"1021",171,0,9.19073166419413,3.64864231768203,0,1,6.75
"1022",171,1,9.53876027189145,2.35572420915965,0,1,6.75
"1023",171,2,10.8408980669471,4.89665680574878,0,1,6.75
"1024",171,3,10.7750354932735,3.25816088706049,0,1,6.75
"1025",171,4,10.0203172945913,4.38465872204733,0,1,6.75
"1026",171,5,10.4094551202176,4.1144350215961,0,1,6.75
"1027",172,0,10.7489807173711,4.7168185616178,1,1,8.5
"1028",172,1,11.1370145450788,4.4191301572684,1,1,8.5
"1029",172,2,11.959005109296,4.96620033248149,1,1,8.5
"1030",172,3,9.49416763398475,3.35320629428868,1,1,8.5
"1031",172,4,11.176470876082,5.40070487731501,1,1,8.5
"1032",172,5,12.8037015829827,6.07813668161812,1,1,8.5
"1033",173,0,8.69182995319008,4.19798004663899,1,1,9.25
"1034",173,1,12.3698559740236,6.13907207442283,1,1,9.25
"1035",173,2,11.8523144932782,3.21493434739944,1,1,9.25
"1036",173,3,13.6154630990822,7.27366314950047,1,1,9.25
"1037",173,4,14.7436290605522,5.48661213722724,1,1,9.25
"1038",173,5,14.3687897923877,6.11254814495087,1,1,9.25
"1039",174,0,11.2427413395756,6.44739514195727,1,0,8
"1040",174,1,10.7905748713859,5.14962403381969,1,0,8
"1041",174,2,11.5763436342709,4.79558648821194,1,0,8
"1042",174,3,12.8444022106328,6.48871345518121,1,0,8
"1043",174,4,12.0166182435274,5.79751792230194,1,0,8
"1044",174,5,13.6186774291565,5.84874530472576,1,0,8
"1045",175,0,9.13254259316697,5.21080858825867,0,0,9.25
"1046",175,1,11.4788313799264,3.87460809116683,0,0,9.25
"1047",175,2,12.3386600237881,5.36299494458315,0,0,9.25
"1048",175,3,11.1000923364633,4.40352745416688,0,0,9.25
"1049",175,4,13.5672906699231,6.07525373170829,0,0,9.25
"1050",175,5,13.1330944721864,5.22453795640291,0,0,9.25
"1051",176,0,11.5666317139494,6.05886055705164,0,0,9.25
"1052",176,1,10.6901145695676,4.15530559728739,0,0,9.25
"1053",176,2,11.0820873795326,3.95560920862184,0,0,9.25
"1054",176,3,10.7011561657456,4.42999286297361,0,0,9.25
"1055",176,4,10.2884066220746,4.11281614021767,0,0,9.25
"1056",176,5,11.5524885735137,5.70701463623739,0,0,9.25
"1057",177,0,11.4863250110333,4.66298380113237,0,0,9.75
"1058",177,1,11.8457640085991,3.6539276218862,0,0,9.75
"1059",177,2,12.2612317337512,4.03872589379731,0,0,9.75
"1060",177,3,11.0567825889314,3.92804231096153,0,0,9.75
"1061",177,4,13.0799385725706,4.50410520328201,0,0,9.75
"1062",177,5,13.5522243048645,6.30239322539727,0,0,9.75
"1063",178,0,11.1250920721743,4.42350534999017,0,0,8.75
"1064",178,1,11.4907493580978,3.56914461501823,0,0,8.75
"1065",178,2,11.1836757776483,5.88092125354229,0,0,8.75
"1066",178,3,11.9547317587033,5.16086653556614,0,0,8.75
"1067",178,4,11.5082193881153,4.00375521837533,0,0,8.75
"1068",178,5,11.4670277609853,2.97901067573096,0,0,8.75
"1069",179,0,10.8556882161919,5.56557515139999,1,0,7
"1070",179,1,13.7030286351607,6.74328623893903,1,0,7
"1071",179,2,9.96168473842299,3.22700400126235,1,0,7
"1072",179,3,11.2343003035815,5.03349743917682,1,0,7
"1073",179,4,11.6556122866646,5.56368621488036,1,0,7
"1074",179,5,12.7995633646457,4.16932937680963,1,0,7
"1075",180,0,11.6610184319679,4.19329524488646,0,0,5.75
"1076",180,1,10.0628239070228,4.23821094349574,0,0,5.75
"1077",180,2,10.0872243463981,4.84523277851639,0,0,5.75
"1078",180,3,10.130024564663,5.9099950408223,0,0,5.75
"1079",180,4,10.5544402348976,6.51739578148804,0,0,5.75
"1080",180,5,10.5614681438359,6.69223255858227,0,0,5.75
"1081",181,0,9.10791203641582,3.09317968050867,0,0,8
"1082",181,1,9.4787950625694,2.36882227764831,0,0,8
"1083",181,2,8.70784318911552,3.09146693206495,0,0,8
"1084",181,3,10.3669652262976,4.56227518057657,0,0,8
"1085",181,4,10.37796423183,4.83590289764398,0,0,8
"1086",181,5,10.7630423207332,4.46468311275815,0,0,8
"1087",182,0,10.7278105850168,5.09308807402953,1,0,9.25
"1088",182,1,12.7369047498754,5.31932812469309,1,0,9.25
"1089",182,2,12.2291962418181,2.63981013721649,1,0,9.25
"1090",182,3,12.3168992872589,4.82164230677948,1,0,9.25
"1091",182,4,13.1262173674902,5.05345281125027,1,0,9.25
"1092",182,5,13.0925580556173,4.21609341192022,1,0,9.25
"1093",183,0,10.761430622716,3.82263517020004,0,0,7.5
"1094",183,1,10.0008660625089,4.80369016924328,0,0,7.5
"1095",183,2,10.7880237191053,4.48420482150419,0,0,7.5
"1096",183,3,9.1107793100022,2.56255733648272,0,0,7.5
"1097",183,4,10.3482738163862,3.4953267722464,0,0,7.5
"1098",183,5,10.4561138214208,6.1781160752581,0,0,7.5
"1099",184,0,9.04205716443305,3.86268708638211,1,0,10
"1100",184,1,11.0500227716677,4.06085144917346,1,0,10
"1101",184,2,11.0796019970409,4.79670851258076,1,0,10
"1102",184,3,11.883128168872,4.88443083850324,1,0,10
"1103",184,4,12.3554493925598,6.6836017976324,1,0,10
"1104",184,5,13.1214588279319,5.8380016591858,1,0,10
"1105",185,0,10.3409459234455,5.41986240436019,1,0,9.25
"1106",185,1,12.3262101784651,5.05327396630679,1,0,9.25
"1107",185,2,11.922637731835,4.96440043925375,1,0,9.25
"1108",185,3,11.8962538506881,4.30803553932583,1,0,9.25
"1109",185,4,12.8034708896287,6.97532700577449,1,0,9.25
"1110",185,5,11.5516885266821,5.68711147431771,1,0,9.25
"1111",186,0,8.71111206460646,3.77474130073629,1,0,8.5
"1112",186,1,9.49599818965435,3.3987459357919,1,0,8.5
"1113",186,2,12.0024520490292,6.0470514055819,1,0,8.5
"1114",186,3,11.5467167285522,4.66049618864142,1,0,8.5
"1115",186,4,12.7949061431302,5.85932816112593,1,0,8.5
"1116",186,5,12.3258852985196,4.14226236956682,1,0,8.5
"1117",187,0,9.64357127750337,3.45827726228417,1,0,5.5
"1118",187,1,8.7733829526038,1.71216748440906,1,0,5.5
"1119",187,2,8.44230397430156,3.42674993184313,1,0,5.5
"1120",187,3,9.67004583090886,4.11689786097124,1,0,5.5
"1121",187,4,11.2654372660842,4.0022483075905,1,0,5.5
"1122",187,5,11.225501002387,3.00873406382927,1,0,5.5
"1123",188,0,9.28776524999552,4.2567361741992,1,0,5.25
"1124",188,1,10.8154870816071,2.45863632311253,1,0,5.25
"1125",188,2,13.3257755234851,5.20233660411056,1,0,5.25
"1126",188,3,12.8477501248281,3.26126005452098,1,0,5.25
"1127",188,4,12.5611466599268,6.08228191244766,1,0,5.25
"1128",188,5,14.4848022237902,4.18302350137732,1,0,5.25
"1129",189,0,13.2620048939446,5.12076534601584,0,0,6.5
"1130",189,1,13.1890007093901,3.30460403059856,0,0,6.5
"1131",189,2,11.2495736298147,4.81150662129743,0,0,6.5
"1132",189,3,12.0135105157163,3.91434664151476,0,0,6.5
"1133",189,4,12.4434671069777,4.65959162332951,0,0,6.5
"1134",189,5,12.4751248826064,5.44715781257939,0,0,6.5
"1135",190,0,6.63864267827516,3.47676675463594,0,0,9.75
"1136",190,1,9.07661549111593,4.42143525740405,0,0,9.75
"1137",190,2,10.6543240485243,3.86687998161059,0,0,9.75
"1138",190,3,9.87252309673934,4.31962673232372,0,0,9.75
"1139",190,4,10.2081854862923,2.71906808033418,0,0,9.75
"1140",190,5,11.1286882649743,5.71687548518185,0,0,9.75
"1141",191,0,9.68626604366739,3.91846320891885,1,0,5
"1142",191,1,11.2939613567503,4.10990333000801,1,0,5
"1143",191,2,11.2794037547204,3.74774664250745,1,0,5
"1144",191,3,12.1335733029638,5.09534936683997,1,0,5
"1145",191,4,12.5247841542353,4.87669735376005,1,0,5
"1146",191,5,11.7796694333385,6.24210566975177,1,0,5
"1147",192,0,11.6539943977674,5.82441365589829,1,0,7.25
"1148",192,1,12.0921770483754,6.77430239689875,1,0,7.25
"1149",192,2,9.58089243658845,4.00581990289042,1,0,7.25
"1150",192,3,11.5852513007848,4.11425752986742,1,0,7.25
"1151",192,4,11.2523007118405,5.78227899088313,1,0,7.25
"1152",192,5,11.6252105541629,5.10834369932727,1,0,7.25
"1153",193,0,12.3500215950908,3.5388071301264,0,1,7.5
"1154",193,1,11.1943788883436,4.64230551934663,0,1,7.5
"1155",193,2,10.7957434066484,4.67625131813092,0,1,7.5
"1156",193,3,10.870065450289,6.52519766780118,0,1,7.5
"1157",193,4,11.6085227392321,4.994169114448,0,1,7.5
"1158",193,5,13.2532611270549,6.10714818234143,0,1,7.5
"1159",194,0,9.72064515564197,5.37568236390363,0,1,5.5
"1160",194,1,9.68451944838259,4.47696522300436,0,1,5.5
"1161",194,2,10.4312904575243,3.15276121133787,0,1,5.5
"1162",194,3,12.4762654411455,4.27162619028121,0,1,5.5
"1163",194,4,13.6820257914974,4.41492928360653,0,1,5.5
"1164",194,5,13.2888615115048,4.58498488132508,0,1,5.5
"1165",195,0,9.69133227831574,5.54938077015813,0,1,6.25
"1166",195,1,10.8781142384152,5.22054903428541,0,1,6.25
"1167",195,2,8.81407063508864,3.62730454328476,0,1,6.25
"1168",195,3,8.83826251578646,4.2291379606242,0,1,6.25
"1169",195,4,9.59042099102439,3.03896061567355,0,1,6.25
"1170",195,5,10.0280133705849,3.97416489100088,0,1,6.25
"1171",196,0,8.70270849648715,3.86665803347369,1,0,8.75
"1172",196,1,9.98553983763086,5.92729439846002,1,0,8.75
"1173",196,2,10.7399945904399,4.7942426897949,1,0,8.75
"1174",196,3,12.3639573996808,5.39037738286154,1,0,8.75
"1175",196,4,13.1443686094017,4.90305732938914,1,0,8.75
"1176",196,5,12.792013827427,6.08835105426432,1,0,8.75
"1177",197,0,11.6878803585106,4.25959978583113,1,1,5.25
"1178",197,1,10.0999378025666,4.55955880312501,1,1,5.25
"1179",197,2,11.2792369159652,4.0445725777527,1,1,5.25
"1180",197,3,12.9155310180306,4.94747895977764,1,1,5.25
"1181",197,4,13.3514688230701,5.84152156393737,1,1,5.25
"1182",197,5,15.3783377838515,6.50995403057428,1,1,5.25
"1183",198,0,9.85446863744858,4.17145345773021,0,1,10
"1184",198,1,11.5421277676149,6.35219312522523,0,1,10
"1185",198,2,11.9251919038131,5.93087123980603,0,1,10
"1186",198,3,12.6145383731026,3.17808846280417,0,1,10
"1187",198,4,13.0962541746774,5.21097299653379,0,1,10
"1188",198,5,13.5013198025976,5.33699313528537,0,1,10
"1189",199,0,10.4966436968,5.07956263125927,1,0,5.75
"1190",199,1,9.29759221304808,5.1031593405074,1,0,5.75
"1191",199,2,10.8876679700351,4.8562690238101,1,0,5.75
"1192",199,3,10.8438628080464,3.76650627794885,1,0,5.75
"1193",199,4,11.2630512815423,4.24386745221446,1,0,5.75
"1194",199,5,11.2521953654638,3.97379944247646,1,0,5.75
"1195",200,0,11.1043906639162,3.60752968138229,0,1,8.5
"1196",200,1,12.6641011000989,2.60522621526622,0,1,8.5
"1197",200,2,13.5325533064029,4.30814570957668,0,1,8.5
"1198",200,3,14.0398159588819,6.97657192664804,0,1,8.5
"1199",200,4,13.1372759854666,4.42563413949305,0,1,8.5
"1200",200,5,13.6432684985688,7.06246246919278,0,1,8.5
