"X","student","time","readach","genvoc","Gender","Origin","Parent_vocab"
1,1,0,9.2580263177137,3.07978130916342,1,0,7
2,1,1,8.43670561122012,3.69278767209329,1,0,7
3,1,2,12.0043018070361,4.62445183406219,1,0,7
4,1,3,12.0072544477702,4.53955842032847,1,0,7
5,1,4,12.0592690628231,3.04405028590604,1,0,7
6,1,5,13.2426129188647,3.52294258862854,1,0,7
7,2,0,8.84212626727744,3.54271611013561,0,0,6.25
8,2,1,9.96069900065736,5.88388771104497,0,0,6.25
9,2,2,10.4194946133055,4.19341442975329,0,0,6.25
10,2,3,10.4240291247486,4.06303955834765,0,0,6.25
11,2,4,12.0067580499616,4.55961216217818,0,0,6.25
12,2,5,11.2443193038505,3.47966260044907,0,0,6.25
13,3,0,9.57240730415451,5.54725418790027,1,0,6.25
14,3,1,11.6297708436214,3.89795543206619,1,0,6.25
15,3,2,12.0104819445655,4.45254389557257,1,0,6.25
16,3,3,11.2660525139428,2.8547960615534,1,0,6.25
17,3,4,13.2343644085752,3.76588267237379,1,0,6.25
18,3,5,13.5415984399945,6.43306112729054,1,0,6.25
19,4,0,9.99109050063632,4.98502768044896,0,0,9.5
20,4,1,10.7873031232795,5.09392118354499,0,0,9.5
21,4,2,9.62068236063313,4.13421166858583,0,0,9.5
22,4,3,10.8382287084336,3.62972450015633,0,0,9.5
23,4,4,11.54581704096,6.28671619915736,0,0,9.5
24,4,5,10.8168759653119,4.24365197031444,0,0,9.5
25,5,0,11.2040725236218,4.62526265442875,0,0,7.75
26,5,1,11.1561341611757,6.00357163385664,0,0,7.75
27,5,2,11.2110041362815,4.42596706977748,0,0,7.75
28,5,3,12.0055968695914,4.58143513028113,0,0,7.75
29,5,4,11.5748507914229,5.46543686624962,0,0,7.75
30,5,5,12.4241083147275,4.04919978156614,0,0,7.75
31,6,0,10.0173782113088,4.24655594513173,1,0,7.25
32,6,1,9.58498899283602,5.17780074323981,1,0,7.25
33,6,2,9.6699450321583,2.73517096033121,1,0,7.25
34,6,3,9.2360580223066,3.70947979320276,1,0,7.25
35,6,4,10.8353317766238,3.73036058459537,1,0,7.25
36,6,5,11.2146341842387,4.32545136327884,1,0,7.25
37,7,0,9.66180190136053,2.98086267099288,0,0,5.75
38,7,1,9.58227370199463,5.26743287720658,0,0,5.75
39,7,2,11.1569795779712,5.99468171278138,0,0,5.75
40,7,3,10.4556493245285,3.15775965832333,0,0,5.75
41,7,4,11.9962235991324,4.86634974657677,0,0,5.75
42,7,5,11.9811484273859,5.29978642493878,0,0,5.75
43,8,0,11.2021056771304,4.66639557548834,1,1,9.75
44,8,1,11.1888822612496,5.04659114157122,1,1,9.75
45,8,2,12.3850361523446,5.15717327598668,1,1,9.75
46,8,3,13.1914750122986,4.97204516482106,1,1,9.75
47,8,4,13.1516709348725,6.11647969564334,1,1,9.75
48,8,5,13.5735971682521,5.48606341085422,1,1,9.75
49,9,0,11.2022283240199,4.69948521814755,0,1,5
50,9,1,10.7981150037496,4.81775013114278,0,1,5
51,9,2,10.8503076393397,3.31712360526259,0,1,5
52,9,3,12.473946861127,2.63745600725353,0,1,5
53,9,4,12.3631054899268,5.82433285122935,0,1,5
54,9,5,13.9352536171922,6.62512128715481,0,1,5
55,10,0,11.1895212524472,5.04941777097264,0,0,7
56,10,1,11.237501558253,3.66990284902986,0,0,7
57,10,2,12.0103850447986,4.44954846222747,0,0,7
58,10,3,10.7266701990602,6.85649183086115,0,0,7
59,10,4,12.0181334643508,4.22676829827886,0,0,7
60,10,5,12.0115965498733,4.41471564279422,0,0,7
61,11,0,10.3751964290765,5.44008195795898,1,0,9.75
62,11,1,11.5647862473273,5.73939228585178,1,0,9.75
63,11,2,12.823699751149,4.04552943397618,1,0,9.75
64,11,3,14.305599422798,7.441113570227,1,0,9.75
65,11,4,14.350147157231,6.1602908793965,1,0,9.75
66,11,5,15.1809167980066,5.27561167863096,1,0,9.75
67,12,0,10.4165849833717,4.26936258959395,1,0,7.25
68,12,1,11.9550737058615,6.03791582759472,1,0,7.25
69,12,2,9.19024228040368,5.02675984287149,1,0,7.25
70,12,3,11.6731078673297,2.64423410110727,1,0,7.25
71,12,4,12.3306600088553,6.7398508977083,1,0,7.25
72,12,5,13.1965105625176,4.84653613304038,1,0,7.25
73,13,0,11.1870740756268,5.10243384602145,0,1,9.25
74,13,1,12.3924113775373,4.9489773912367,0,1,9.25
75,13,2,14.0203563709016,4.14551157974796,0,1,9.25
76,13,3,14.336718135984,6.5502522577424,0,1,9.25
77,13,4,15.5699561418057,5.59460338813804,0,1,9.25
78,13,5,15.5848520044433,5.16632214985109,0,1,9.25
79,14,0,9.69053890788999,2.13149927982139,1,1,8.75
80,14,1,11.9677087021301,5.66307538934016,1,1,8.75
81,14,2,11.6131775368981,4.35576950638506,1,1,8.75
82,14,3,12.0231224613342,4.06983611295008,1,1,8.75
83,14,4,13.210782249744,4.42463806226389,1,1,8.75
84,14,5,13.6472873797285,3.37505384858771,1,1,8.75
85,15,0,8.84691381135177,3.38386741592317,0,1,9
86,15,1,10.8759924325576,2.54780788713783,0,1,9
87,15,2,10.4721486222458,2.65832393311018,0,1,9
88,15,3,10.3992553090568,4.75412994279298,0,1,9
89,15,4,11.1785560937118,5.34926738431957,0,1,9
90,15,5,11.2228265853737,4.07641589194761,0,1,9
91,16,0,10.0039689860084,4.63209384621289,1,0,7.25
92,16,1,10.7496400303243,6.19414318710624,1,0,7.25
93,16,2,11.2010304303923,4.71658228898737,1,0,7.25
94,16,3,10.782487555193,5.24972130516353,1,0,7.25
95,16,4,11.2500786453493,3.30636317321609,1,0,7.25
96,16,5,11.239739908263,3.60361934624621,1,0,7.25
97,17,0,10.4489996786179,3.34702106699159,0,0,6
98,17,1,8.83902253608367,3.63388078522797,0,0,6
99,17,2,10.4040162512154,4.64037066741066,0,0,6
100,17,3,10.0615702186511,2.98559678547691,0,0,6
101,17,4,10.3524886888521,6.12187521344758,0,0,6
102,17,5,11.2284300276749,3.93843331288047,0,0,6
103,18,0,9.66661201083236,2.83870957992283,0,1,6.25
104,18,1,11.5843957897539,5.20256495555605,0,1,6.25
105,18,2,8.03183155474392,3.83870650283126,0,1,6.25
106,18,3,10.4480435219708,3.37258503219948,0,1,6.25
107,18,4,9.98063757124373,5.3106200925047,0,1,6.25
108,18,5,10.8147810337701,4.32893781159978,0,1,6.25
109,19,0,10.0371241195676,3.69039062526704,1,1,5.75
110,19,1,9.17620501568466,5.44191787017608,1,1,5.75
111,19,2,11.9712589800528,5.58412475785583,1,1,5.75
112,19,3,11.5988295436663,4.7914244348289,1,1,5.75
113,19,4,11.5702394446584,5.61343812438133,1,1,5.75
114,19,5,11.5466147465698,6.29268814149331,1,1,5.75
115,20,0,11.211587388973,4.40341610318307,0,0,8.5
116,20,1,11.6556810995463,3.13564736602641,0,0,8.5
117,20,2,12.805502502412,4.57836688076233,0,0,8.5
118,20,3,12.7577783371828,5.95051732801926,0,0,8.5
119,20,4,13.5930895572906,4.93526004208331,0,0,8.5
120,20,5,13.2344451309749,3.74621737041157,0,0,8.5
121,21,0,10.429178333733,3.90920962774197,1,0,7
122,21,1,9.61429771293955,4.33705263723443,1,0,7
123,21,2,10.0610223128081,2.99364138426296,1,0,7
124,21,3,10.0352446365851,3.73479316321539,1,0,7
125,21,4,10.0024637257735,4.6772997783796,1,0,7
126,21,5,10.4204492076885,4.16018676162405,1,0,7
127,22,0,11.1938019497705,4.91092324337343,0,1,9
128,22,1,10.7892314523559,5.04233277230828,0,1,9
129,22,2,12.48062822862,2.41452091166497,0,1,9
130,22,3,12.4022753810249,4.6672977670622,0,1,9
131,22,4,11.9859278995711,5.13731550085886,0,1,9
132,22,5,13.176367807796,5.41218430457621,0,1,9
133,23,0,11.1737398720239,5.51086776357572,0,1,6
134,23,1,12.8402745676786,3.59788275980933,0,1,6
135,23,2,11.2096709240544,4.47778926178895,0,1,6
136,23,3,11.9850468006147,5.18577444767591,0,1,6
137,23,4,11.5853971918538,5.17570010707453,0,1,6
138,23,5,11.9463453672633,6.29850609688654,0,1,6
139,24,0,10.8477580994244,3.35381124073397,1,0,9.75
140,24,1,11.578997751564,5.33078750877575,1,0,9.75
141,24,2,11.9861212252241,5.12597559594648,1,0,9.75
142,24,3,10.8061647766976,4.54968959938854,1,0,9.75
143,24,4,11.5456406367345,6.28986096375719,1,0,9.75
144,24,5,11.9988071039428,4.76123513219823,1,0,9.75
145,25,0,13.9878142410869,5.08115283749334,1,0,9.25
146,25,1,12.441721028013,3.53124156223921,1,0,9.25
147,25,2,11.9824752061487,5.23465911975646,1,0,9.25
148,25,3,13.2870836416888,2.22698971529541,1,0,9.25
149,25,4,13.5618236179034,5.82842720163569,1,0,9.25
150,25,5,14.3500638981517,6.16653902903692,1,0,9.25
151,26,0,9.20648328838598,4.55787624625292,0,0,7.5
152,26,1,11.230244890794,3.87468999846423,0,0,7.5
153,26,2,8.44293298865779,3.50988573054293,0,0,7.5
154,26,3,11.2441853467351,3.47387831820609,0,0,7.5
155,26,4,11.2479081308865,3.36684197898773,0,0,7.5
156,26,5,10.0788064853688,2.47846204151172,0,0,7.5
157,27,0,8.85717626890413,3.09458587396805,0,0,8.25
158,27,1,9.63919807632531,3.61148930998275,0,0,8.25
159,27,2,10.0119759282403,4.39417209743073,0,0,8.25
160,27,3,8.80522801000296,4.58818615682604,0,0,8.25
161,27,4,11.1674691012981,5.67381862873075,0,0,8.25
162,27,5,10.0329043409318,3.79244484464035,0,0,8.25
163,28,0,10.4526971968441,3.21951245904032,1,0,8.75
164,28,1,12.3633460809156,5.7885081260257,1,0,8.75
165,28,2,11.5656450805974,5.72240799778936,1,0,8.75
166,28,3,12.4405778663846,3.56796370235919,1,0,8.75
167,28,4,12.3659504813645,5.71362720933282,1,0,8.75
168,28,5,12.7888110374667,5.05634756641925,1,0,8.75
169,29,0,11.611002279838,4.42216613533938,1,0,8.25
170,29,1,10.7960609526414,4.85175455657372,1,0,8.25
171,29,2,11.5496389377177,6.18646598073722,1,0,8.25
172,29,3,11.6477415211578,3.36585082491625,1,0,8.25
173,29,4,13.131978819288,6.69422424713147,1,0,8.25
174,29,5,12.7441747272123,6.34357127221526,1,0,8.25
175,30,0,11.5283123678717,6.81698532144009,1,0,6
176,30,1,11.9753954992123,5.46326568240596,1,0,6
177,30,2,12.8038118477314,4.64624761320333,1,0,6
178,30,3,12.3566399182153,6.00252034993148,1,0,6
179,30,4,12.7038177443974,7.52124716434929,1,0,6
180,30,5,13.2464285817664,3.42094444894793,1,0,6
181,31,0,10.3916604549878,5.00332932205835,1,1,5
182,31,1,8.87313743669789,2.66072832824905,1,1,5
183,31,2,8.46369921598474,2.9320931328648,1,1,5
184,31,3,9.62379670314925,4.0793578481503,1,1,5
185,31,4,10.4089107548949,4.50735403115366,1,1,5
186,31,5,11.2146574664663,4.34212635634561,1,1,5
187,32,0,11.2501791228326,3.29191134468897,1,1,8.75
188,32,1,11.6195783151722,4.17173630791302,1,1,8.75
189,32,2,11.9512185798614,6.13719428775637,1,1,8.75
190,32,3,13.1784107453324,5.35537355116168,1,1,8.75
191,32,4,13.5005952814827,7.59269971521462,1,1,8.75
192,32,5,14.3824606763131,5.23893118742591,1,1,8.75
193,33,0,9.26587179809587,2.84650186157614,1,0,8
194,33,1,12.0216023364972,4.11932373788766,1,0,8
195,33,2,9.5875423699429,5.09860536841256,1,0,8
196,33,3,11.1496185750516,6.18897859698446,1,0,8
197,33,4,11.2011602352785,4.70706871353067,1,0,8
198,33,5,12.0199184866706,4.16773726762894,1,0,8
199,34,0,9.59822004322582,4.7781141204742,0,1,9.75
200,34,1,11.2182349715298,4.20265108844054,0,1,9.75
201,34,2,10.4577186233321,3.06742933611054,0,1,9.75
202,34,3,10.793763986164,4.90623329575956,0,1,9.75
203,34,4,10.4476566140291,3.35672911745014,0,1,9.75
204,34,5,10.3915860056371,4.96885391866036,0,1,9.75
205,35,0,10.0112767986451,4.41041894512269,0,0,8.75
206,35,1,9.9753451275071,5.44351524729955,0,0,8.75
207,35,2,10.4154263968432,4.2911109803614,0,0,8.75
208,35,3,12.7501858645889,6.16688659806116,0,0,8.75
209,35,4,13.5598195376462,5.88990220806169,0,0,8.75
210,35,5,14.3903698493058,5.01152909024551,0,0,8.75
211,36,0,9.99261840208772,4.95844232666504,0,0,7.25
212,36,1,11.570344398161,5.59885760272934,0,0,7.25
213,36,2,11.9962482609742,4.8540777459411,0,0,7.25
214,36,3,12.7841834296411,5.20096204722348,0,0,7.25
215,36,4,12.006538305711,4.55822156029466,0,0,7.25
216,36,5,13.9219168430581,6.99123169822132,0,0,7.25
217,37,0,8.84304498537881,3.50666563543822,0,0,7.5
218,37,1,10.000306112407,4.73548050065053,0,0,7.5
219,37,2,13.1982488209045,4.79463111002794,0,0,7.5
220,37,3,12.3997509320634,4.75144287428545,0,0,7.5
221,37,4,13.1343190885015,6.63271901556799,0,0,7.5
222,37,5,13.5877368855466,5.09686702622765,0,0,7.5
223,38,0,11.544602486606,6.3389810870038,1,0,7.25
224,38,1,12.7864154799802,5.13678682579317,1,0,7.25
225,38,2,12.8068432579361,4.54945366817882,1,0,7.25
226,38,3,13.5784883055947,5.36470649345589,1,0,7.25
227,38,4,14.2933725811674,7.8119274931476,1,0,7.25
228,38,5,15.1397742661925,6.47780058794218,1,0,7.25
229,39,0,9.58874838141213,5.05814903393232,0,0,8.75
230,39,1,9.1854089584829,5.1541630897865,0,0,8.75
231,39,2,11.962349489675,5.81716180933064,0,0,8.75
232,39,3,12.3729986308416,5.51098099413126,0,0,8.75
233,39,4,12.3831880080503,5.21801917013571,0,0,8.75
234,39,5,11.5598442605248,5.8891913834993,0,0,8.75
235,40,0,10.0361143496864,3.70400597546262,1,1,7.75
236,40,1,11.5942596662547,4.90739889631846,1,1,7.75
237,40,2,12.7651259797271,5.74504164621574,1,1,7.75
238,40,3,14.3062563174187,7.43764398044928,1,1,7.75
239,40,4,13.1457257654487,6.30283061059252,1,1,7.75
240,40,5,14.3537669780721,6.07163215076312,1,1,7.75
241,41,0,11.6254849270112,4.0057655403656,1,1,8.25
242,41,1,13.9459985790826,6.29113244698829,1,1,8.25
243,41,2,12.8152802616748,4.29916692388128,1,1,8.25
244,41,3,13.9602539989666,5.88126502079665,1,1,8.25
245,41,4,15.1598733788317,5.89220849326623,1,1,8.25
246,41,5,15.545144624745,6.31568507814786,1,1,8.25
247,42,0,10.0371911564638,3.6576287185218,0,0,9.75
248,42,1,9.97588861927769,5.42018031924725,0,0,9.75
249,42,2,13.5475043563395,6.23627587374535,0,0,9.75
250,42,3,10.4347555075078,3.72765774445366,0,0,9.75
251,42,4,11.1916291106777,4.96761457585859,0,0,9.75
252,42,5,11.9820609337605,5.24271584108248,0,0,9.75
253,43,0,8.0601846384483,3.02736171435362,1,0,5.75
254,43,1,10.0176908994285,4.24912856394942,1,0,5.75
255,43,2,12.3351375006385,6.6226783689233,1,0,5.75
256,43,3,13.1495755253572,6.20756074496783,1,0,5.75
257,43,4,12.79858986752,4.79831552930507,1,0,5.75
258,43,5,14.3558277226346,6.02779950138359,1,0,5.75
259,44,0,12.3825251652485,5.23707702148941,1,0,8.75
260,44,1,11.9300378542685,6.74617596309935,1,0,8.75
261,44,2,12.3914272496307,4.98112704294295,1,0,8.75
262,44,3,11.6536019979686,3.19349789677952,1,0,8.75
263,44,4,12.4407090607476,3.5641916425864,1,0,8.75
264,44,5,12.765920665595,5.71448446312068,1,0,8.75
265,45,0,10.800707272823,4.73550939135256,1,0,6
266,45,1,12.3534794534226,6.09338905675997,1,0,6
267,45,2,12.0080307370469,4.52494741164961,1,0,6
268,45,3,13.2315940029854,3.84746367273094,1,0,6
269,45,4,12.3782723970597,5.38055000473919,1,0,6
270,45,5,12.7577984212593,5.96921142850084,1,0,6
271,46,0,11.6125695837253,4.40022936039128,0,0,5.25
272,46,1,8.8068609844572,4.56436124203452,0,0,5.25
273,46,2,10.8248360085733,4.04754890467954,0,0,5.25
274,46,3,9.62968567980658,3.90811265640159,0,0,5.25
275,46,4,10.4424276593171,3.54175920002805,0,0,5.25
276,46,5,9.56218431272229,5.84889109831634,0,0,5.25
277,47,0,10.3305745198795,6.74423600548099,1,0,7
278,47,1,10.0276124566988,3.95423124022076,1,0,7
279,47,2,11.2145713465743,4.3291852075469,1,0,7
280,47,3,8.84153758068164,3.55386037968448,1,0,7
281,47,4,11.2233463719146,4.07688839130022,1,0,7
282,47,5,10.7534874937114,6.08544926420489,1,0,7
283,48,0,11.6213429123334,4.13834555224321,1,0,6.5
284,48,1,10.0302761870754,3.88149879811251,1,0,6.5
285,48,2,10.8114538054889,4.42267409554052,1,0,6.5
286,48,3,11.5335980652033,6.66115827522777,1,0,6.5
287,48,4,12.0259562621311,4.00570394483421,1,0,6.5
288,48,5,12.8178632322095,4.23839223960488,1,0,6.5
289,49,0,12.3162214469727,7.15691112120046,0,0,7
290,49,1,10.8452384033567,3.44745547004429,0,0,7
291,49,2,12.0372540243568,3.67701986709949,0,0,7
292,49,3,10.8483531341077,3.35790169424719,0,0,7
293,49,4,11.9795774404558,5.33531917974404,0,0,7
294,49,5,13.5671038104395,5.69395713440503,0,0,7
295,50,0,9.63640975015586,3.68202262632244,0,0,9.5
296,50,1,10.7283305999492,6.78948094608624,0,0,9.5
297,50,2,9.57052261090469,5.5763892885328,0,0,9.5
298,50,3,12.7679987692156,5.64895400466385,0,0,9.5
299,50,4,11.9927730465819,4.93665163949152,0,0,9.5
300,50,5,12.0339022712,3.7541168862051,0,0,9.5
301,51,0,6.8897136963096,2.18220568040678,0,0,5.25
302,51,1,9.99520700301214,4.89943291432811,0,0,5.25
303,51,2,13.1791350959309,5.3615274189448,0,0,5.25
304,51,3,12.8398759342285,3.61512561104289,0,0,5.25
305,51,4,11.9851042028948,5.18990550055197,0,0,5.25
306,51,5,13.1662397667874,5.73228993656565,0,0,5.25
307,52,0,10.0098463534004,4.45154666465231,1,0,8.75
308,52,1,11.5723450199769,5.52977341168264,1,0,8.75
309,52,2,11.9889084064207,5.05354804434796,1,0,8.75
310,52,3,13.2132631761002,4.35330723451742,1,0,8.75
311,52,4,13.2498643443025,3.3009617596888,1,0,8.75
312,52,5,13.20435300325,4.60948977019789,1,0,8.75
313,53,0,11.2237044304509,4.07622937876071,0,0,5.75
314,53,1,13.560042091402,5.9066292732334,0,0,5.75
315,53,2,10.7661122701256,5.73210137085064,0,0,5.75
316,53,3,11.9703956848997,5.60894595325599,0,0,5.75
317,53,4,11.2254862988999,4.02499764788619,0,0,5.75
318,53,5,12.0144916042743,4.34111370932953,0,0,5.75
319,54,0,11.1902107352517,5.04115690547873,1,0,5.5
320,54,1,10.0104658648256,4.45878768077686,1,0,5.5
321,54,2,13.1596254970719,5.92053421980975,1,0,5.5
322,54,3,13.2111850329666,4.43811038068054,1,0,5.5
323,54,4,12.7604856108757,5.89580449358095,1,0,5.5
324,54,5,13.561087223023,5.87850712707821,1,0,5.5
325,55,0,9.60770136331762,4.51707306682995,0,0,8.25
326,55,1,11.176702233566,5.40835046370032,0,0,8.25
327,55,2,12.7933578797866,4.92947247178038,0,0,8.25
328,55,3,12.8032822652122,4.64412960962664,0,0,8.25
329,55,4,12.3761076388593,5.42544606691874,0,0,8.25
330,55,5,14.0127011050452,4.37332203808613,0,0,8.25
331,56,0,8.85945431138039,3.05221416279611,0,0,5.25
332,56,1,8.04053438928879,3.59619391467644,0,0,5.25
333,56,2,10.3938256183312,4.93915005969126,0,0,5.25
334,56,3,10.4065740139301,4.5726121299275,0,0,5.25
335,56,4,11.6011913075851,4.72737403897835,0,0,5.25
336,56,5,12.4216546649948,4.13901791190467,0,0,5.25
337,57,0,10.0173181174137,4.23672081524398,0,0,8.75
338,57,1,11.5679270601364,5.65679722743782,0,0,8.75
339,57,2,11.2182644958039,4.20951083629102,0,0,8.75
340,57,3,11.208630385546,4.48650779655106,0,0,8.75
341,57,4,13.5873241861557,5.09909705573058,0,0,8.75
342,57,5,13.1282278268519,6.79821731190612,0,0,8.75
343,58,0,10.0031122969681,4.66443372535493,1,0,6.25
344,58,1,8.79968222861528,4.76305399041073,1,0,6.25
345,58,2,9.61702589905519,4.26439413880483,1,0,6.25
346,58,3,11.190569383479,5.0250636970127,1,0,6.25
347,58,4,11.6844865413558,2.32478660328221,1,0,6.25
348,58,5,12.4251808830421,4.02992455989624,1,0,6.25
349,59,0,11.212581311263,4.39218355319674,0,0,6.25
350,59,1,11.1895495489476,5.05438566423051,0,0,6.25
351,59,2,10.3915932617471,4.99562546552544,0,0,6.25
352,59,3,12.375640172147,5.45430376665023,0,0,6.25
353,59,4,11.9720388142496,5.55784889574811,0,0,6.25
354,59,5,13.1559455693085,6.02055689991367,0,0,6.25
355,60,0,7.98187976851525,5.27875913084193,0,0,5.75
356,60,1,10.8113432871803,4.43163314928045,0,0,5.75
357,60,2,10.4215241889675,4.13891500798237,0,0,5.75
358,60,3,11.2006562610137,4.73890322229082,0,0,5.75
359,60,4,12.3896309810538,5.05589866381291,0,0,5.75
360,60,5,11.576359339417,5.43748080192371,0,0,5.75
361,61,0,9.61238589188893,4.3978021906352,0,0,6.25
362,61,1,12.3807767315462,5.30661899850171,0,0,6.25
363,61,2,12.7916489403883,4.99402461044601,0,0,6.25
364,61,3,13.144237425249,6.35718583895622,0,0,6.25
365,61,4,13.9748158694171,5.47800386395226,0,0,6.25
366,61,5,13.9148987010667,7.20072376812593,0,0,6.25
367,62,0,9.60807565753215,4.51209294075924,0,1,7.5
368,62,1,8.84966570445666,3.31630876695851,0,1,7.5
369,62,2,10.0000070815272,4.7440781440787,0,1,7.5
370,62,3,12.0341682630772,3.76188641128147,0,1,7.5
371,62,4,11.6276262997981,3.94997891738115,0,1,7.5
372,62,5,13.5790940266796,5.34536383288673,0,1,7.5
373,63,0,10.3521058346582,6.10590274659643,1,1,9.5
374,63,1,12.4330140487736,3.779654782864,1,1,9.5
375,63,2,12.3689578191764,5.6213796966305,1,1,9.5
376,63,3,13.9562269199976,5.98741457473291,1,1,9.5
377,63,4,13.555051270806,6.02121647689933,1,1,9.5
378,63,5,13.6020638129842,4.66952639564445,1,1,9.5
379,64,0,9.63201309307804,3.83926843425378,1,0,5.5
380,64,1,11.6522134380215,3.25847436031096,1,0,5.5
381,64,2,10.8368537035413,3.70009269843327,1,0,5.5
382,64,3,13.1856475562464,5.17235601777204,1,0,5.5
383,64,4,12.7735793334676,5.51933782885494,1,0,5.5
384,64,5,13.5210669563828,7.02915746336073,1,0,5.5
385,65,0,7.61925334048644,4.17915272446523,0,1,9
386,65,1,11.6049708362749,4.58979887087232,0,1,9
387,65,2,9.62511029418923,4.01075540197144,0,1,9
388,65,3,11.2187557045952,4.19346059779239,0,1,9
389,65,4,11.2275282578558,3.94123485801689,0,1,9
390,65,5,10.8538844578119,3.18344954351032,0,1,9
391,66,0,9.18501180408817,5.15980048469236,1,1,9.5
392,66,1,10.7670682686054,5.67570747059298,1,1,9.5
393,66,2,12.7682240172682,5.64247774228034,1,1,9.5
394,66,3,13.1873931486051,5.09133280320841,1,1,9.5
395,66,4,13.5112457643602,7.28069885806369,1,1,9.5
396,66,5,14.751371967227,6.12700267614133,1,1,9.5
397,67,0,10.3225708789223,6.96471844055671,1,1,8.25
398,67,1,11.9669401063949,5.68902812667663,1,1,8.25
399,67,2,10.0287234622602,3.91265217590905,1,1,8.25
400,67,3,9.66525851940726,2.86220750570415,1,1,8.25
401,67,4,10.4305849692421,3.85913070255052,1,1,8.25
402,67,5,10.4463131645873,3.4069184915287,1,1,8.25
403,68,0,9.24580733912514,3.42917044952376,0,0,7.25
404,68,1,8.41641799152639,4.27416388751407,0,0,7.25
405,68,2,9.27172546058517,2.68398063252746,0,0,7.25
406,68,3,11.1871395204113,5.11596943911835,0,0,7.25
407,68,4,10.8104745810796,4.44504698758654,0,0,7.25
408,68,5,12.4138448064515,4.34814730942193,0,0,7.25
409,69,0,9.21287086491689,4.38385839603911,0,1,6.25
410,69,1,9.27176789723473,2.69046912775268,0,1,6.25
411,69,2,10.0687047111261,2.77854090792434,0,1,6.25
412,69,3,10.7971660885241,4.83539727258067,0,1,6.25
413,69,4,10.805649021573,4.59149860361019,0,1,6.25
414,69,5,11.199814640043,4.75924693797036,0,1,6.25
415,70,0,10.8580684694618,3.0612249786553,0,0,9.25
416,70,1,9.59338824502431,4.9208907991961,0,0,9.25
417,70,2,12.0065512991663,4.54243073517049,0,0,9.25
418,70,3,12.816354978389,4.26055838045188,0,0,9.25
419,70,4,11.5476179174528,6.23686511004532,0,0,9.25
420,70,5,12.3809329142619,5.27900261936683,0,0,9.25
421,71,0,11.6308874331529,3.84850719851526,1,0,8.5
422,71,1,11.1606571885293,5.86774548394933,1,0,8.5
423,71,2,11.9309056257569,6.72315322065314,1,0,8.5
424,71,3,11.2412029259133,3.55191933915861,1,0,8.5
425,71,4,11.5786304795229,5.35098297679866,1,0,8.5
426,71,5,11.2292297818581,3.89616747616719,1,0,8.5
427,72,0,12.0012793411745,4.70942568311581,1,0,7.25
428,72,1,12.4487686175436,3.34402868775978,1,0,7.25
429,72,2,14.0326115739566,3.80857101087448,1,0,7.25
430,72,3,12.8035877184079,4.64305593441401,1,0,7.25
431,72,4,14.7495942842162,6.19545846506697,1,0,7.25
432,72,5,14.7461035112585,6.29582409015864,1,0,7.25
433,73,0,10.395633138811,4.85056484144023,0,0,10
434,73,1,10.0038171071927,4.61526191217146,0,0,10
435,73,2,10.4341093495036,3.74430872449996,0,0,10
436,73,3,11.1880437199061,5.06877346792516,0,0,10
437,73,4,10.3775273278199,5.37113752259867,0,0,10
438,73,5,10.3970698000987,4.80925840016391,0,0,10
439,74,0,13.9541373470102,6.05520195204146,0,0,8.5
440,74,1,11.6133753288171,4.3520098094338,0,0,8.5
441,74,2,11.193715679272,4.91725797640859,0,0,8.5
442,74,3,12.3778418695906,5.37365684581447,0,0,8.5
443,74,4,12.3226527846583,6.96043635699056,0,0,8.5
444,74,5,13.1451992748658,6.31218663960337,0,0,8.5
445,75,0,9.99478937075032,4.91336770319501,1,0,5
446,75,1,10.0071612252749,4.55765596601175,1,0,5
447,75,2,12.7819366223811,5.28290595155563,1,0,5
448,75,3,11.9818300533527,5.28596999132025,1,0,5
449,75,4,12.8588694016493,3.07095846175519,1,0,5
450,75,5,11.9934135212374,4.9529257031179,1,0,5
451,76,0,9.64018555940824,3.59080612226705,0,0,7.25
452,76,1,11.5934838688139,4.933558694868,0,0,7.25
453,76,2,11.2624543049372,2.95054203402958,0,0,7.25
454,76,3,13.5433739909981,6.37430241299699,0,0,7.25
455,76,4,13.2124571705328,4.38804418844189,0,0,7.25
456,76,5,13.9583383411024,5.94405204424063,0,0,7.25
457,77,0,9.62311654433717,4.0834963227675,1,0,7
458,77,1,12.3759846682488,5.43861745572292,1,0,7
459,77,2,12.697847627249,7.68518950659809,1,0,7
460,77,3,15.1792513154077,5.34469582632218,1,0,7
461,77,4,15.9736931687526,5.50450194094205,1,0,7
462,77,5,15.933359514668,6.66416269615723,1,0,7
463,78,0,9.58795987185114,5.09238294808788,0,0,7.25
464,78,1,10.0157841396526,4.29238820066832,0,0,7.25
465,78,2,8.38056271768334,5.30506363827972,0,0,7.25
466,78,3,10.0807724818518,2.42386347348008,0,0,7.25
467,78,4,9.22923624194609,3.90561751353401,0,0,7.25
468,78,5,11.2460776191829,3.42139944084648,0,0,7.25
469,79,0,9.20261814561146,4.67671425725675,1,0,6.5
470,79,1,7.24474161959347,3.46559315357955,1,0,6.5
471,79,2,8.80507986269193,4.60593572866933,1,0,6.5
472,79,3,9.22806590249236,3.94504821725086,1,0,6.5
473,79,4,10.0171812262413,4.25800106439651,1,0,6.5
474,79,5,11.1285528838487,6.80621577008452,1,0,6.5
475,80,0,12.3828974341144,5.22251935179628,1,1,9.25
476,80,1,11.2286811600332,3.90615981580645,1,1,9.25
477,80,2,12.0303422557602,3.85840050490383,1,1,9.25
478,80,3,12.3455447475088,6.29647225146307,1,1,9.25
479,80,4,13.5518907186596,6.11401485045896,1,1,9.25
480,80,5,12.7923388770634,4.95106190245076,1,1,9.25
481,81,0,9.24490704524468,3.46854550704486,1,1,5.5
482,81,1,9.6689437572462,2.77744939326082,1,1,5.5
483,81,2,11.1303361138825,6.7626535119991,1,1,5.5
484,81,3,12.3797498974524,5.34192368046886,1,1,5.5
485,81,4,13.1441540030958,6.36536583241366,1,1,5.5
486,81,5,14.3141016628696,7.22942142949819,1,1,5.5
487,82,0,13.2049870247601,4.58933342454977,1,1,9
488,82,1,12.8147356890142,4.30904284320008,1,1,9
489,82,2,10.8137054044507,4.33866526651346,1,1,9
490,82,3,12.7983842372987,4.77917472873579,1,1,9
491,82,4,13.2854795887077,2.27503610596334,1,1,9
492,82,5,14.4279584530843,3.92886601777816,1,1,9
493,83,0,10.061459732411,2.99070060686764,1,1,5.75
494,83,1,12.4306985127003,3.87513768777634,1,1,5.75
495,83,2,12.8100283948561,4.46943852695621,1,1,5.75
496,83,3,13.1617437195558,5.85770458652453,1,1,5.75
497,83,4,13.5801908619954,5.32731804906395,1,1,5.75
498,83,5,13.5903671470306,5.03473264719369,1,1,5.75
499,84,0,9.18763636159009,5.08626717380499,0,0,9.25
500,84,1,8.41675582565105,4.24903334387313,0,0,9.25
501,84,2,9.60394887375891,4.61725486608111,0,0,9.25
502,84,3,8.42507674336344,4.00979288978004,0,0,9.25
503,84,4,8.80391288797602,4.61828951818779,0,0,9.25
504,84,5,9.69059986847582,2.1258922495723,0,0,9.25
505,85,0,9.61051910349663,4.44569404797924,1,0,7
506,85,1,11.2269404093139,3.9735537389029,1,0,7
507,85,2,12.3759385510679,5.43994340265418,1,0,7
508,85,3,13.2304471054832,3.8727302945525,1,0,7
509,85,4,12.4082548550852,4.5107950184322,1,0,7
510,85,5,13.219924719526,4.17526668315419,1,0,7
511,86,0,10.7995193782317,4.76773621430197,0,0,6.25
512,86,1,9.99160427195044,4.99530890356329,0,0,6.25
513,86,2,11.9377832463123,6.54275439677653,0,0,6.25
514,86,3,10.0588781037444,3.0610724859854,0,0,6.25
515,86,4,10.4337232141762,3.7843180955401,0,0,6.25
516,86,5,10.4141365438903,4.34746798541342,0,0,6.25
517,87,0,9.26825468711406,2.79918847987424,1,0,5.25
518,87,1,10.7747935908731,5.48635303041734,1,0,5.25
519,87,2,10.8400901156791,3.60896753217758,1,0,5.25
520,87,3,12.7798954490912,5.33966597990231,1,0,5.25
521,87,4,12.4190575918592,4.21368815595202,1,0,5.25
522,87,5,12.7756048003932,5.46302938503845,1,0,5.25
523,88,0,10.8122976500845,4.40612075721347,0,0,5.5
524,88,1,11.1930468373859,4.95961417354807,0,0,5.5
525,88,2,10.0166417123185,4.2812216225983,0,0,5.5
526,88,3,10.848083200698,3.37722566719194,0,0,5.5
527,88,4,12.3014292999773,7.59377329038324,0,0,5.5
528,88,5,12.02422960699,4.06305682040087,0,0,5.5
529,89,0,10.4247388576533,4.01950767527927,0,0,9.25
530,89,1,11.2416931176654,3.53204403192573,0,0,9.25
531,89,2,12.8094246616076,4.45981670640745,0,0,9.25
532,89,3,12.00356322553,4.62834290475693,0,0,9.25
533,89,4,12.4182256068545,4.20677464901671,0,0,9.25
534,89,5,13.9197943739227,7.03683903344134,0,0,9.25
535,90,0,9.63051300113899,3.87468999335475,1,0,6.5
536,90,1,10.021753037227,4.12655376807042,1,0,6.5
537,90,2,10.7817264879719,5.2773847401543,1,0,6.5
538,90,3,12.0142132219251,4.34333620709286,1,0,6.5
539,90,4,11.944351254306,6.35198590593135,1,0,6.5
540,90,5,12.7396714688256,6.48653765155271,1,0,6.5
541,91,0,8.04407713923881,3.46542653570717,0,1,9
542,91,1,10.0304242739524,3.8579694983579,0,1,9
543,91,2,9.20525931607209,4.58150458891099,0,1,9
544,91,3,10.0135620490546,4.34278697654917,0,1,9
545,91,4,11.2450307711681,3.4380080052413,0,1,9
546,91,5,11.5857453322337,5.14256462051266,0,1,9
547,92,0,10.7632763595872,5.80592997342072,1,1,6.75
548,92,1,12.7641642106293,5.78040275469047,1,1,6.75
549,92,2,15.1352409741416,6.61199471008923,1,1,6.75
550,92,3,15.8979102145449,7.6853171711767,1,1,6.75
551,92,4,15.9700640148825,5.61077340641581,1,1,6.75
552,92,5,15.9758699540967,5.44384283673019,1,1,6.75
553,93,0,11.5591093026651,5.91032266470752,0,0,8.75
554,93,1,13.9662030132687,5.70636649007782,0,0,8.75
555,93,2,12.7492318910536,6.19431495027797,0,0,8.75
556,93,3,13.1981793216978,4.78699355391841,0,0,8.75
557,93,4,13.5559503175427,6.00114882851045,0,0,8.75
558,93,5,13.5896404032586,5.032501897525,0,0,8.75
559,94,0,10.8010087272609,4.701789049401,1,0,9.25
560,94,1,11.642156124616,3.51873179919676,1,0,9.25
561,94,2,12.0345284149947,3.73804134852381,1,0,9.25
562,94,3,10.8221309553186,4.09448927711083,1,0,9.25
563,94,4,10.8584492613584,3.05027656774419,1,0,9.25
564,94,5,11.1757490197104,5.4280483531849,1,0,9.25
565,95,0,10.0264258021326,3.97678663453088,1,0,8.5
566,95,1,10.0072452117034,4.52826104188192,1,0,8.5
567,95,2,11.6223168244082,4.09492669198825,1,0,8.5
568,95,3,11.1589430840884,5.91702888501028,1,0,8.5
569,95,4,10.8100998294586,4.4461859545413,1,0,8.5
570,95,5,11.6232399229562,4.0683860478651,1,0,8.5
571,96,0,9.62078708014837,4.16010813291295,1,1,5.75
572,96,1,10.044552271412,3.47681869945715,1,1,5.75
573,96,2,11.1913763992849,5.00571493833653,1,1,5.75
574,96,3,13.1370293777795,6.56828370213864,1,1,5.75
575,96,4,13.6135472365222,4.36826587903619,1,1,5.75
576,96,5,15.1281479912317,6.82363858295024,1,1,5.75
577,97,0,9.18225377141425,5.26222444960097,0,1,6.5
578,97,1,9.98095841832902,5.29946804111738,0,1,6.5
579,97,2,12.0251498508875,4.02888963164888,0,1,6.5
580,97,3,12.7622805697529,5.83648777010419,0,1,6.5
581,97,4,11.6051311990655,4.60445972112308,0,1,6.5
582,97,5,11.6044987986219,4.62264230320566,0,1,6.5
583,98,0,13.1819158384144,5.25652335344672,1,1,8.5
584,98,1,9.61494759392737,4.30680452896492,1,1,8.5
585,98,2,12.80571013525,4.57239708558352,1,1,8.5
586,98,3,12.8053876628734,4.58166871167827,1,1,8.5
587,98,4,12.4228454393707,4.07972811798143,1,1,8.5
588,98,5,13.2418373200891,3.53367943390502,1,1,8.5
589,99,0,8.81589712377697,4.28913971604662,1,1,7.25
590,99,1,10.8110906723886,4.42733332070294,1,1,7.25
591,99,2,10.7974016472377,4.82091594060258,1,1,7.25
592,99,3,11.1415625490123,6.42638443305998,1,1,7.25
593,99,4,11.2295613196408,3.89627098013673,1,1,7.25
594,99,5,11.1877760843556,5.09766714935102,1,1,7.25
595,100,0,10.799624035007,4.7589456895574,0,0,7
596,100,1,7.99238418051351,4.96710374813352,0,0,7
597,100,2,8.07184983493463,2.68233181483954,0,0,7
598,100,3,9.19304975656336,4.94796731127583,0,0,7
599,100,4,9.64472535203158,3.46220656316273,0,0,7
600,100,5,10.8069939049045,4.54704946827193,0,0,7
601,101,0,11.157722831879,5.95211319935851,1,1,8.5
602,101,1,10.7906906012901,5.00423408349895,1,1,8.5
603,101,2,12.3200036538382,7.03660334748914,1,1,8.5
604,101,3,14.3853046072319,5.15909051986515,1,1,8.5
605,101,4,14.3329888605292,6.66325669840303,1,1,8.5
606,101,5,14.7574729606234,5.95929742046591,1,1,8.5
607,102,0,12.4228396878009,4.07796633017337,0,1,8.75
608,102,1,11.6280587893608,3.92790833533506,0,1,8.75
609,102,2,10.86741620186,2.79631617642867,0,1,8.75
610,102,3,10.4586605085077,3.04805716533376,0,1,8.75
611,102,4,11.5986276654819,4.77410291201886,0,1,8.75
612,102,5,10.7165943144602,7.13270046430341,0,1,8.75
613,103,0,8.81287906668702,4.38747689160765,1,0,5.75
614,103,1,9.61599739328034,4.29781972926294,1,0,5.75
615,103,2,11.2123003046486,4.40411727884215,1,0,5.75
616,103,3,11.2059612321015,4.58637633332582,1,0,5.75
617,103,4,12.3796285147859,5.3434864822123,1,0,5.75
618,103,5,11.6086618660066,4.5087285420459,1,0,5.75
619,104,0,9.20695037963371,4.53481080725453,1,0,8.75
620,104,1,11.202397928972,4.66570146153081,1,0,8.75
621,104,2,11.6568187971279,3.10100948165682,1,0,8.75
622,104,3,12.0036589657068,4.62944452311431,1,0,8.75
623,104,4,13.6277651808638,3.93635007608562,1,0,8.75
624,104,5,13.5879559682897,5.08093225109617,1,0,8.75
625,105,0,13.5942656269772,4.897591739648,1,1,9
626,105,1,15.51246152564,7.24959797586346,1,1,9
627,105,2,15.5531794407441,6.07888906659158,1,1,9
628,105,3,14.0131854508032,4.35361481306922,1,1,9
629,105,4,15.5599724331783,5.88357904781921,1,1,9
630,105,5,15.624587382191,4.02579000611456,1,1,9
631,106,0,7.2841970180301,2.33118373328816,0,0,6.5
632,106,1,11.2072710632361,4.54293500791846,0,0,6.5
633,106,2,10.4097225452284,4.47245075542162,0,0,6.5
634,106,3,9.22272299476616,4.098665848716,0,0,6.5
635,106,4,9.94137017340654,6.4376970225074,0,0,6.5
636,106,5,10.8273977675969,3.96425822524694,0,0,6.5
637,107,0,9.60214055544128,4.67888285122344,0,0,8
638,107,1,10.0641106187198,2.89713874662093,0,0,8
639,107,2,9.17107512230231,5.57206658259253,0,0,8
640,107,3,9.20187975685587,4.68638125153909,0,0,8
641,107,4,10.4433588035226,3.49378852283957,0,0,8
642,107,5,10.8363958169138,3.69398616157484,0,0,8
643,108,0,10.8191830572307,4.2062265040432,0,0,5.75
644,108,1,8.07887589435073,2.48995650206462,0,0,5.75
645,108,2,8.03317898676333,3.80381986422481,0,0,5.75
646,108,3,10.3749245909033,5.47873224771502,0,0,5.75
647,108,4,10.0175970552826,4.25182674182393,0,0,5.75
648,108,5,10.862366247756,2.96463675786959,0,0,5.75
649,109,0,10.8564486649713,3.11743287250723,0,0,8
650,109,1,10.8024789264688,4.66915411202876,0,0,8
651,109,2,10.7295416759988,6.76622339283229,0,0,8
652,109,3,12.3690913971795,5.62910203415988,0,0,8
653,109,4,11.2559370569085,3.13214246939255,0,0,8
654,109,5,10.8103308354286,4.44339845262279,0,0,8
655,110,0,10.0381484185529,3.65901314228631,0,0,6
656,110,1,9.22800755183077,3.95058020776499,0,0,6
657,110,2,8.83702761560804,3.69123812211872,0,0,6
658,110,3,8.81771524474361,4.24650143981044,0,0,6
659,110,4,8.80828684823828,4.51758378183932,0,0,6
660,110,5,9.23751045323049,3.6773557240418,0,0,6
661,111,0,9.61273175678766,4.39363945546502,1,0,5.5
662,111,1,10.010946045826,4.4449816650757,1,0,5.5
663,111,2,8.82304615334764,4.09708311372511,1,0,5.5
664,111,3,9.58790218015723,5.10753176798713,1,0,5.5
665,111,4,8.81005199982052,4.47068699947848,1,0,5.5
666,111,5,9.97411329259214,5.50398560115025,1,0,5.5
667,112,0,12.0195949068655,4.19053082031743,1,0,6.25
668,112,1,14.0051006373927,4.60726557605866,1,0,6.25
669,112,2,12.7883838262209,5.08790216374659,1,0,6.25
670,112,3,11.6293055441467,3.91133357873946,1,0,6.25
671,112,4,12.0448754949367,3.46367116625517,1,0,6.25
672,112,5,12.4167709834733,4.27172339282198,1,0,6.25
673,113,0,10.7680505332555,5.64939285615516,0,0,9.25
674,113,1,9.65846905408796,3.04970749330287,0,0,9.25
675,113,2,11.9898884099067,5.02151697670792,0,0,9.25
676,113,3,10.0429256465232,3.49660674317882,0,0,9.25
677,113,4,10.4141043659623,4.32526729328504,0,0,9.25
678,113,5,11.2424857412536,3.50925476351755,0,0,9.25
679,114,0,11.1259782960599,6.85325935009395,1,1,10
680,114,1,9.19986685151174,4.72883844249744,1,1,10
681,114,2,11.2343941490326,3.736120256472,1,1,10
682,114,3,11.6140661325787,4.32058510222067,1,1,10
683,114,4,12.022353292623,4.08231523816452,1,1,10
684,114,5,12.3902810248536,5.00444716761999,1,1,10
685,115,0,8.80595112519537,4.56161390683459,1,1,9
686,115,1,8.49121446045818,2.11014884602837,1,1,9
687,115,2,12.3892018096242,5.04318505096923,1,1,9
688,115,3,11.9859203447618,5.13753271439949,1,1,9
689,115,4,12.0232101627648,4.06538739336019,1,1,9
690,115,5,12.7708808457025,5.56994374268355,1,1,9
691,116,0,9.97531984945161,5.46929505127018,1,0,5.5
692,116,1,9.2210815878518,4.15356769361942,1,0,5.5
693,116,2,11.211516637358,4.42857619371704,1,0,5.5
694,116,3,10.7760695981335,5.44773850891336,1,0,5.5
695,116,4,11.5923713513877,4.97903553817763,1,0,5.5
696,116,5,12.4303034635853,3.88842317298693,1,0,5.5
697,117,0,11.2215383370081,4.13850822789444,1,1,5.75
698,117,1,8.41144392178849,4.42873973413088,1,1,5.75
699,117,2,12.0524390346184,3.25006092152557,1,1,5.75
700,117,3,12.3699956951085,5.62044633609845,1,1,5.75
701,117,4,11.9908709660155,5.02024699947089,1,1,5.75
702,117,5,12.3659443037977,5.73693068679258,1,1,5.75
703,118,0,9.96107669743092,5.87880975564873,1,0,5.5
704,118,1,9.64802398732154,3.37892815188943,1,0,5.5
705,118,2,11.9794257409111,5.35124372914831,1,0,5.5
706,118,3,13.1379258677347,6.54443525521406,1,0,5.5
707,118,4,13.1816236239801,5.28805087450781,1,0,5.5
708,118,5,14.3749481562099,5.47998186046732,1,0,5.5
709,119,0,9.64385268439698,3.49500585390954,0,0,6
710,119,1,10.0232652058674,4.0869306730566,0,0,6
711,119,2,10.4350313738238,3.74863344886508,0,0,6
712,119,3,10.031459063145,3.85134342131258,0,0,6
713,119,4,11.1845316229858,5.20058667562065,0,0,6
714,119,5,11.6258951163913,4.01131629857386,0,0,6
715,120,0,9.9896948420565,5.02322806937738,0,0,9.75
716,120,1,12.7801536654978,5.2975530286398,0,0,9.75
717,120,2,12.7621864103735,5.81414199434485,0,0,9.75
718,120,3,11.2048280864585,4.58812170397637,0,0,9.75
719,120,4,12.0471311946753,3.37183581230656,0,0,9.75
720,120,5,13.1863010395984,5.12080562863684,0,0,9.75
721,121,0,11.5369634289171,6.54319967114924,0,0,9.25
722,121,1,10.7800424397379,5.30460526763681,0,0,9.25
723,121,2,10.4305934729848,3.851177584913,0,0,9.25
724,121,3,11.9908713420639,4.99325601514449,0,0,9.25
725,121,4,13.2457292598057,3.41599812067133,0,0,9.25
726,121,5,13.1757473040486,5.42809768136277,0,0,9.25
727,122,0,11.9932850745226,4.94698298754038,1,0,6.25
728,122,1,13.2341293432904,3.77264119678445,1,0,6.25
729,122,2,11.5982998180582,4.80280063144971,1,0,6.25
730,122,3,11.9247431775806,6.91767842229749,1,0,6.25
731,122,4,12.4328902344005,3.80826767258071,1,0,6.25
732,122,5,14.3834767329449,5.22898939284912,1,0,6.25
733,123,0,11.553265845908,6.09182201333829,0,1,7
734,123,1,9.17453550078358,5.48028347074911,0,1,7
735,123,2,9.22508540518322,4.02688824429145,0,1,7
736,123,3,9.60266777608937,4.67143298676828,0,1,7
737,123,4,8.81972205237491,4.18109370643788,0,1,7
738,123,5,9.98703073902323,5.1210242431275,0,1,7
739,124,0,10.0247274996742,4.02176139154558,1,1,9
740,124,1,12.3923954611333,4.95136216992719,1,1,9
741,124,2,10.0313323537142,3.8318606697317,1,1,9
742,124,3,13.2106166495874,4.4274721916165,1,1,9
743,124,4,11.9670789865877,5.67925362080812,1,1,9
744,124,5,13.6144644848276,4.31684042214419,1,1,9
745,125,0,11.2186699119892,4.19207296995292,0,1,9.5
746,125,1,9.29519927240298,1.99172445435807,0,1,9.5
747,125,2,10.7727814077955,5.51144505851575,0,1,9.5
748,125,3,9.61843210796321,4.19891023780407,0,1,9.5
749,125,4,10.3905184749533,5.00147438607436,0,1,9.5
750,125,5,11.9959257642988,4.84600567419267,0,1,9.5
751,126,0,10.0341095227668,3.76164813936807,1,0,7.75
752,126,1,10.838209585604,3.64376439998951,1,0,7.75
753,126,2,8.42866507651268,3.91818517520143,1,0,7.75
754,126,3,12.4378158253893,3.65508567197168,1,0,7.75
755,126,4,11.9026313961905,7.54186659514849,1,0,7.75
756,126,5,11.9835916461544,5.21412251278427,1,0,7.75
757,127,0,10.782459241364,5.25824399628063,0,0,6.25
758,127,1,9.24931057068752,3.33615523913826,0,0,6.25
759,127,2,9.61148199975311,4.42379061793381,0,0,6.25
760,127,3,10.4232606340242,4.08513496611673,0,0,6.25
761,127,4,9.16653426159685,5.71611409217639,0,0,6.25
762,127,5,10.0146758929728,4.33196078730506,0,0,6.25
763,128,0,11.9583589343987,5.92611555567158,1,0,9.5
764,128,1,10.8116150603827,4.39491188270902,1,0,9.5
765,128,2,9.23011762758342,3.86293178964688,1,0,9.5
766,128,3,10.8458018224694,3.41198466622744,1,0,9.5
767,128,4,11.59853349581,4.77102898382534,1,0,9.5
768,128,5,12.3763823854759,5.4079108613034,1,0,9.5
769,129,0,10.8078022352798,4.51224567218876,1,0,8.5
770,129,1,11.1569878406187,5.97324544089042,1,0,8.5
771,129,2,10.7842775020477,5.18862153064556,1,0,8.5
772,129,3,10.7932763068976,4.92989067510786,1,0,8.5
773,129,4,11.5954421776671,4.86761822820736,1,0,8.5
774,129,5,11.6053981501106,4.58136718587709,1,0,8.5
775,130,0,9.58351150757163,5.22028094287486,0,0,7.25
776,130,1,11.6059697200644,4.57456935905741,0,0,7.25
777,130,2,14.3946700612325,4.89945365709662,0,0,7.25
778,130,3,12.3547514511907,6.04718119428206,0,0,7.25
779,130,4,11.9713070765496,5.57117897126299,0,0,7.25
780,130,5,12.3839118587603,5.20877016924623,0,0,7.25
781,131,0,11.2222965480139,4.11863553457944,1,0,5.5
782,131,1,12.4024232314466,4.69002698973366,1,0,5.5
783,131,2,12.8167703487639,4.27752310728361,1,0,5.5
784,131,3,12.4355861053689,3.73653828927572,1,0,5.5
785,131,4,13.5683048119023,5.67098924255882,1,0,5.5
786,131,5,14.7823981997727,5.26578051073855,1,0,5.5
787,132,0,8.85551700481307,3.15385545322441,0,0,6.75
788,132,1,10.8188387253228,4.20841800796963,0,0,6.75
789,132,2,13.5693641831595,5.63089475180071,0,0,6.75
790,132,3,11.9835862530951,5.22198619301542,0,0,6.75
791,132,4,13.1530203007031,6.10080900833698,0,0,6.75
792,132,5,14.73926226985,6.49637565885457,0,0,6.75
793,133,0,9.98149354137833,5.29564527959314,0,0,5
794,133,1,11.2019436450658,4.70767021944382,0,0,5
795,133,2,9.23819186989282,3.66547246344686,0,0,5
796,133,3,8.43680469381195,3.70535612135172,0,0,5
797,133,4,9.21389968385086,4.36391388787532,0,0,5
798,133,5,10.0202060745011,4.18259449318879,0,0,5
799,134,0,10.045567689472,3.43798793744123,1,0,7
800,134,1,12.3893882404006,5.0532420922224,1,0,7
801,134,2,11.2394214233248,3.61470348191069,1,0,7
802,134,3,11.2364580701313,3.69990489696353,1,0,7
803,134,4,11.5953799741556,4.88096961532737,1,0,7
804,134,5,12.7500090182932,6.18546131424106,1,0,7
805,135,0,12.0339366206525,3.7820366088259,1,0,5.75
806,135,1,10.804962994183,4.61507736140756,1,0,5.75
807,135,2,11.9863740786761,5.14954011427633,1,0,5.75
808,135,3,12.3938480509025,4.93465077500923,1,0,5.75
809,135,4,11.9569815537091,5.99462490697737,1,0,5.75
810,135,5,12.0194188064449,4.19944831550391,1,0,5.75
811,136,0,11.1547011652132,6.06597139764071,1,0,5
812,136,1,10.0349081436766,3.75988514462329,1,0,5
813,136,2,11.1943349690631,4.92643252005272,1,0,5
814,136,3,9.68399502195895,2.34855439287377,1,0,5
815,136,4,11.1673223082316,5.70309219473705,1,0,5
816,136,5,10.8376456926858,3.68117598168048,1,0,5
817,137,0,11.209466010165,4.49138950325461,0,0,5
818,137,1,8.40399427616479,4.64871110792998,0,0,5
819,137,2,10.7892036791659,5.07396578110815,0,0,5
820,137,3,11.2042254789579,4.6420636366854,0,0,5
821,137,4,12.3298740383028,6.77979327657084,0,0,5
822,137,5,11.9890702500028,5.0778020951636,0,0,5
823,138,0,10.0469409044407,3.3888699092963,1,0,8.25
824,138,1,11.2240085992346,4.0482124602692,1,0,8.25
825,138,2,10.8029346325523,4.65412463641078,1,0,8.25
826,138,3,10.7769185153881,5.40213199560191,1,0,8.25
827,138,4,11.6244158507012,4.03650329198106,1,0,8.25
828,138,5,12.4225359426504,4.09055382718238,1,0,8.25
829,139,0,9.99301339515244,4.92781405651908,1,0,9.75
830,139,1,12.3114248728175,7.27362203189915,1,0,9.75
831,139,2,11.9864031344222,5.11787022982122,1,0,9.75
832,139,3,13.1240083267985,6.91182645254976,1,0,9.75
833,139,4,13.1863002575498,5.12082811385718,1,0,9.75
834,139,5,13.593142735327,4.92409530779759,1,0,9.75
835,140,0,10.0698235272502,2.74059158705514,0,0,7
836,140,1,11.6047338264125,4.61203054648789,0,0,7
837,140,2,10.404027630699,4.63233486736045,0,0,7
838,140,3,10.4344381954684,3.75797970893321,0,0,7
839,140,4,11.5728866907919,5.52768954598717,0,0,7
840,140,5,11.2454218719519,3.44218043770549,0,0,7
841,141,0,10.8463015140859,3.430379325113,1,0,5.25
842,141,1,12.3903899674666,5.03793083140084,1,0,5.25
843,141,2,12.4146957977745,4.33909711125667,1,0,5.25
844,141,3,12.3645891301412,5.77974853121152,1,0,5.25
845,141,4,13.5351852911085,6.62515862242921,1,0,5.25
846,141,5,12.419393073543,4.2040424902757,1,0,5.25
847,142,0,11.2815461017689,2.4016205927459,1,0,7.25
848,142,1,11.6661917860487,2.84308313235472,1,0,7.25
849,142,2,12.410969039512,4.43083047157416,1,0,7.25
850,142,3,11.9914032618315,4.99337966371628,1,0,7.25
851,142,4,12.3889063447023,5.06517025322226,1,0,7.25
852,142,5,11.6644794275331,2.89231633511035,1,0,7.25
853,143,0,11.6125687802923,4.38098090880891,1,0,7.75
854,143,1,10.797269630535,4.82085733370293,1,0,7.75
855,143,2,9.70895347493185,1.60975796078376,1,0,7.75
856,143,3,11.589712248119,5.03814485696146,1,0,7.75
857,143,4,11.9674678517182,5.67770886659304,1,0,7.75
858,143,5,11.9222535926891,6.97769526658958,1,0,7.75
859,144,0,10.0432036431323,3.49054102576675,1,0,9
860,144,1,11.9204226661253,7.02070172539804,1,0,9
861,144,2,11.5868482638953,5.11085347029161,1,0,9
862,144,3,11.9584578151764,5.92712687644303,1,0,9
863,144,4,12.0188765810943,4.18998519405254,1,0,9
864,144,5,13.5242519964174,6.91060200447447,1,0,9
865,145,0,9.63219715763053,3.82241333615004,1,1,7
866,145,1,9.99911795425471,4.77349636691793,1,1,7
867,145,2,11.2313427214007,3.84697982252641,1,1,7
868,145,3,11.5489942663572,6.21463714824746,1,1,7
869,145,4,11.6318268518705,3.83306025290222,1,1,7
870,145,5,12.7385382567529,6.51526510446544,1,1,7
871,146,0,10.4566816151255,3.10688085135026,1,1,8.5
872,146,1,9.60594630273548,4.56560687103894,1,1,8.5
873,146,2,9.26140936258086,2.97095011784878,1,1,8.5
874,146,3,10.040605829398,3.56908687360572,1,1,8.5
875,146,4,10.0234498983172,4.06234890118955,1,1,8.5
876,146,5,11.6186954844397,4.19904633941603,1,1,8.5
877,147,0,10.4268315286956,3.96512130980185,0,0,8.5
878,147,1,11.5205875206015,7.01981619078196,0,0,8.5
879,147,2,13.6199967048299,4.16163405296307,0,0,8.5
880,147,3,13.9811211558961,5.27937181957844,0,0,8.5
881,147,4,14.3520368259716,6.11559548367797,0,0,8.5
882,147,5,15.6414282900408,3.54543973942402,0,0,8.5
883,148,0,9.98529113021683,5.16525947232849,0,1,7.75
884,148,1,11.947960375512,6.23858179276373,0,1,7.75
885,148,2,10.0958941465866,1.98523573276341,0,1,7.75
886,148,3,10.3875986497499,5.09891438396085,0,1,7.75
887,148,4,11.2016566896673,4.69472196555924,0,1,7.75
888,148,5,11.1941619555412,4.91020824455108,0,1,7.75
889,149,0,10.7888345186224,5.07687115029099,1,1,6
890,149,1,10.778636065353,5.37009392637755,1,1,6
891,149,2,9.61475116305173,4.33172380042555,1,1,6
892,149,3,11.5817452791866,5.28069877128611,1,1,6
893,149,4,12.0010500461165,4.72565407956758,1,1,6
894,149,5,12.4335876715496,3.79014233040819,1,1,6
895,150,0,10.8372793225132,3.6782196574924,0,0,6.75
896,150,1,11.1557511342138,6.02229292733074,0,0,6.75
897,150,2,9.56953993235205,5.62584166533962,0,0,6.75
898,150,3,9.59653024404922,4.84982456605594,0,0,6.75
899,150,4,10.3527739390028,6.1078923237934,0,0,6.75
900,150,5,10.7781995639912,5.37686261312088,0,0,6.75
901,151,0,9.61926951349586,4.20566789539397,1,1,5.5
902,151,1,10.0089254594788,4.50307693917173,1,1,5.5
903,151,2,10.0500460290377,3.32079103347432,1,1,5.5
904,151,3,11.6145666309492,4.34088372072816,1,1,5.5
905,151,4,10.8505203978801,3.30715212714288,1,1,5.5
906,151,5,11.6254777335332,4.02717107182467,1,1,5.5
907,152,0,9.59213188203194,4.95508620445035,0,1,9.5
908,152,1,11.5243046658688,6.90523335836045,0,1,9.5
909,152,2,10.7771402199156,5.38612183973757,0,1,9.5
910,152,3,10.8161458088851,4.26464520221042,0,1,9.5
911,152,4,11.192327828165,4.9494524217986,0,1,9.5
912,152,5,11.5903858681949,5.00528705460553,0,1,9.5
913,153,0,9.99851651001698,4.79657037122849,1,0,6.25
914,153,1,12.0546001608899,3.1840705766365,1,0,6.25
915,153,2,10.824806650935,4.04068436576758,1,0,6.25
916,153,3,11.2502828051117,3.30820185548818,1,0,6.25
917,153,4,11.9885111785537,5.08424056884041,1,0,6.25
918,153,5,11.9932639431046,4.94759055154011,1,0,6.25
919,154,0,10.4447190623046,3.4604602482846,0,0,7.25
920,154,1,10.840915674484,3.56981407928515,0,0,7.25
921,154,2,12.7995532925015,4.75905250104524,0,0,7.25
922,154,3,13.1850747997159,5.17533365035258,0,0,7.25
923,154,4,13.5405382560152,6.4558345887085,0,0,7.25
924,154,5,13.9191724920249,7.07013643085682,0,0,7.25
925,155,0,10.8089069616454,4.4901186970143,0,0,7.25
926,155,1,12.3326822067264,6.68170928957475,0,0,7.25
927,155,2,10.0651234234192,2.87380036445256,0,0,7.25
928,155,3,10.8448533770209,3.45659847307878,0,0,7.25
929,155,4,10.7288478009157,6.79195494023975,0,0,7.25
930,155,5,11.6015728405024,4.7009870811597,0,0,7.25
931,156,0,10.4030973160916,4.63788427858934,0,0,9.75
932,156,1,10.890893289689,2.1136015832184,0,0,9.75
933,156,2,10.8315031071463,3.82116975433776,0,0,9.75
934,156,3,12.0072790134077,4.51765340990886,0,0,9.75
935,156,4,11.2442182933482,3.45558665089097,0,0,9.75
936,156,5,11.1780938615296,5.35677587565574,0,0,9.75
937,157,0,13.1875916128251,5.11838825908896,1,0,5.25
938,157,1,11.9773409815499,5.4131112410708,1,0,5.25
939,157,2,12.4063678165827,4.57854065232543,1,0,5.25
940,157,3,13.1443885480271,6.36054942420887,1,0,5.25
941,157,4,13.5577359013571,5.97679044689608,1,0,5.25
942,157,5,13.6169041430561,4.27560345031345,1,0,5.25
943,158,0,11.9586486308777,5.94091215402096,1,0,6.5
944,158,1,11.1909608181734,5.01188213250685,1,0,6.5
945,158,2,11.6005545459685,4.73604623633905,1,0,6.5
946,158,3,10.7828928780104,5.24384905429405,1,0,6.5
947,158,4,11.205249150285,4.60106842411956,1,0,6.5
948,158,5,11.2487242453589,3.35108592859236,1,0,6.5
949,159,0,12.0042051927672,4.62144819216719,1,0,7.75
950,159,1,11.9446025680054,6.33512443630535,1,0,7.75
951,159,2,12.3569342810362,5.9805668349431,1,0,7.75
952,159,3,13.52788230276,6.81586033445252,1,0,7.75
953,159,4,15.164768638994,5.75531579651969,1,0,7.75
954,159,5,16.0158576085093,4.2864215364808,1,0,7.75
955,160,0,11.5693914764461,5.61661993751189,1,0,8.5
956,160,1,10.7730965931057,5.51009156855749,1,0,8.5
957,160,2,12.7537352286185,6.06676353574719,1,0,8.5
958,160,3,13.5829030955388,5.22813804176412,1,0,8.5
959,160,4,14.810541454231,4.43348849558832,1,0,8.5
960,160,5,15.1257314765796,6.87191875848498,1,0,8.5
961,161,0,10.4060832936888,4.56744961498391,0,0,7.75
962,161,1,10.041788838792,3.54085481866611,0,0,7.75
963,161,2,10.8427830931135,3.51226832573714,0,0,7.75
964,161,3,11.202782136869,4.6623634554884,0,0,7.75
965,161,4,11.1831986164585,5.22542278111722,0,0,7.75
966,161,5,12.3582780313233,5.94193174203884,0,0,7.75
967,162,0,6.8741876613979,2.61704250614762,1,0,6.75
968,162,1,10.0204219853978,4.16289660367536,1,0,6.75
969,162,2,8.90477391450576,1.73763601091981,1,0,6.75
970,162,3,10.7544216629836,6.06051747320491,1,0,6.75
971,162,4,10.4289510706913,3.91767097963381,1,0,6.75
972,162,5,9.98142664541303,5.28407856556156,1,0,6.75
973,163,0,8.80868821028297,4.49448101340607,1,1,7.5
974,163,1,10.0424700907618,3.52319482776728,1,1,7.5
975,163,2,11.5835883905568,5.21614327188541,1,1,7.5
976,163,3,11.5572019920652,5.97479684535008,1,1,7.5
977,163,4,12.6890597075452,7.93400274726933,1,1,7.5
978,163,5,12.7912862881314,4.99481570021958,1,1,7.5
979,164,0,10.0412825479319,3.56697446796723,0,1,6.25
980,164,1,9.6013144605747,4.71612456163221,0,1,6.25
981,164,2,10.3942648875813,4.91881170533416,0,1,6.25
982,164,3,11.2168751492654,4.2687284501636,0,1,6.25
983,164,4,11.1961611069212,4.86429219298837,0,1,6.25
984,164,5,13.1365501652426,6.57820756254942,0,1,6.25
985,165,0,11.171653233677,5.54388197205492,1,0,9.5
986,165,1,10.7967031153162,4.8236555180177,1,0,9.5
987,165,2,11.6006493481112,4.71019465246437,1,0,9.5
988,165,3,11.6124398860284,4.37119675069509,1,0,9.5
989,165,4,11.5894983910114,5.03080352426716,1,0,9.5
990,165,5,11.583596068544,5.20050527545867,1,0,9.5
991,166,0,11.9633326620205,5.80816549358882,1,1,6.25
992,166,1,9.99170053426598,4.99254119922153,1,1,6.25
993,166,2,12.811407749386,4.42592544153957,1,1,6.25
994,166,3,12.7440928163499,6.36134358932512,1,1,6.25
995,166,4,12.7389520221315,6.50915011568606,1,1,6.25
996,166,5,13.623601709053,4.07532848231194,1,1,6.25
997,167,0,10.8439299546993,3.48507558140422,0,0,7
998,167,1,11.6178949722258,4.23362535014081,0,0,7
999,167,2,12.4397169604136,3.60620629088233,0,0,7
1000,167,3,11.1833303950588,5.227415389025,0,0,7
1001,167,4,14.2998747403164,7.62690657826019,0,0,7
1002,167,5,13.9626362704471,5.82240646336416,0,0,7
1003,168,0,11.5916408148988,4.98076814586005,0,0,8
1004,168,1,11.6084589532259,4.49721823111894,0,0,8
1005,168,2,11.977401787925,5.3901642481631,0,0,8
1006,168,3,13.1237805798876,6.93186464748434,0,0,8
1007,168,4,13.5956761955163,4.86474412966892,0,0,8
1008,168,5,13.9395491530771,6.47849150516213,0,0,8
1009,169,0,11.5882789795577,5.06393651030237,0,0,9.75
1010,169,1,10.8070566236796,4.52404749062923,0,0,9.75
1011,169,2,11.9202541197369,7.01976625356749,0,0,9.75
1012,169,3,12.7756252201451,5.42775348969155,0,0,9.75
1013,169,4,14.3865345913667,5.11409062038562,0,0,9.75
1014,169,5,14.3365318630729,6.55175360857969,0,0,9.75
1015,170,0,9.64594909182346,3.44243921623378,0,0,5
1016,170,1,12.3943028763551,4.92735523967139,0,0,5
1017,170,2,12.7663781467774,5.73023843303078,0,0,5
1018,170,3,14.8154973742247,4.31797758808939,0,0,5
1019,170,4,14.3616592920321,5.8659134860828,0,0,5
1020,170,5,15.4921221508431,7.86522387580234,0,0,5
1021,171,0,9.2383080390471,3.64864231768203,0,1,6.75
1022,171,1,9.68327645891846,2.35572420915965,0,1,6.75
1023,171,2,10.7949013923809,4.89665680574878,0,1,6.75
1024,171,3,10.8518892030887,3.25816088706049,0,1,6.75
1025,171,4,10.012708974044,4.38465872204733,0,1,6.75
1026,171,5,10.4221075065118,4.1144350215961,0,1,6.75
1027,172,0,10.8006870749881,4.7168185616178,1,1,8.5
1028,172,1,11.2110408453231,4.4191301572684,1,1,8.5
1029,172,2,11.9920134365678,4.96620033248149,1,1,8.5
1030,172,3,9.64811427751146,3.35320629428868,1,1,8.5
1031,172,4,11.176901123824,5.40070487731501,1,1,8.5
1032,172,5,12.7533396642007,6.07813668161812,1,1,8.5
1033,173,0,8.81853148807755,4.19798004663899,1,1,9.25
1034,173,1,12.3510192143001,6.13907207442283,1,1,9.25
1035,173,2,12.0527223710614,3.21493434739944,1,1,9.25
1036,173,3,13.5115574978078,7.27366314950047,1,1,9.25
1037,173,4,14.7737121383234,5.48661213722724,1,1,9.25
1038,173,5,14.3519417315031,6.11254814495087,1,1,9.25
1039,174,0,11.1406307021001,6.44739514195727,1,0,8
1040,174,1,10.7857679120309,5.14962403381969,1,0,8
1041,174,2,11.5980815372297,4.79558648821194,1,0,8
1042,174,3,12.7391936278994,6.48871345518121,1,0,8
1043,174,4,11.963233797753,5.79751792230194,1,0,8
1044,174,5,13.5614520805456,5.84874530472576,1,0,8
1045,175,0,9.1833047410647,5.21080858825867,0,0,9.25
1046,175,1,11.6297785467833,3.87460809116683,0,0,9.25
1047,175,2,12.3780116138939,5.36299494458315,0,0,9.25
1048,175,3,11.2113824334976,4.40352745416688,0,0,9.25
1049,175,4,13.5532388521966,6.07525373170829,0,0,9.25
1050,175,5,13.1828272259095,5.22453795640291,0,0,9.25
1051,176,0,11.5538090160423,6.05886055705164,0,0,9.25
1052,176,1,10.8200157294565,4.15530559728739,0,0,9.25
1053,176,2,11.2269612823056,3.95560920862184,0,0,9.25
1054,176,3,10.8104619516764,4.42999286297361,0,0,9.25
1055,176,4,10.4214935366996,4.11281614021767,0,0,9.25
1056,176,5,11.5660464152967,5.70701463623739,0,0,9.25
1057,177,0,11.6022243405637,4.66298380113237,0,0,9.75
1058,177,1,12.037319882689,3.6539276218862,0,0,9.75
1059,177,2,12.4239363821076,4.03872589379731,0,0,9.75
1060,177,3,11.2277860194458,3.92804231096153,0,0,9.75
1061,177,4,13.2077502276633,4.50410520328201,0,0,9.75
1062,177,5,13.5452047576176,6.30239322539727,0,0,9.75
1063,178,0,11.2108216461147,4.42350534999017,0,0,8.75
1064,178,1,11.6405367935773,3.56914461501823,0,0,8.75
1065,178,2,11.1601319003017,5.88092125354229,0,0,8.75
1066,178,3,11.9851758088639,5.16086653556614,0,0,8.75
1067,178,4,11.6254207920584,4.00375521837533,0,0,8.75
1068,178,5,11.6610619842969,2.97901067573096,0,0,8.75
1069,179,0,10.7715690081018,5.56557515139999,1,0,7
1070,179,1,13.5306075532947,6.74328623893903,1,0,7
1071,179,2,10.0529058295797,3.22700400126235,1,0,7
1072,179,3,11.190074970552,5.03349743917682,1,0,7
1073,179,4,11.5716347063777,5.56368621488036,1,0,7
1074,179,5,12.820131222384,4.16932937680963,1,0,7
1075,180,0,11.6196328137059,4.19329524488646,0,0,5.75
1076,180,1,10.0180706204157,4.23821094349574,0,0,5.75
1077,180,2,9.99695805917277,4.84523277851639,0,0,5.75
1078,180,3,9.95992502810998,5.9099950408223,0,0,5.75
1079,180,4,10.3387992883153,6.51739578148804,0,0,5.75
1080,180,5,10.3327183667554,6.69223255858227,0,0,5.75
1081,181,0,9.2572922046463,3.09317968050867,0,0,8
1082,181,1,9.68248576301171,2.36882227764831,0,0,8
1083,181,2,8.85735177500164,3.09146693206495,0,0,8
1084,181,3,10.4061962358895,4.56227518057657,0,0,8
1085,181,4,10.396679309807,4.83590289764398,0,0,8
1086,181,5,10.8095905429634,4.46468311275815,0,0,8
1087,182,0,10.7873991268394,5.09308807402953,1,0,9.25
1088,182,1,12.7795303704789,5.31932812469309,1,0,9.25
1089,182,2,12.4727255149505,2.63981013721649,1,0,9.25
1090,182,3,12.3968401634785,4.82164230677948,1,0,9.25
1091,182,4,13.1887776635979,5.05345281125027,1,0,9.25
1092,182,5,13.2179014950332,4.21609341192022,1,0,9.25
1093,183,0,10.8320553870337,3.82263517020004,0,0,7.5
1094,183,1,9.99793374172375,4.80369016924328,0,0,7.5
1095,183,2,10.809045622024,4.48420482150419,0,0,7.5
1096,183,3,9.27588160365464,2.56255733648272,0,0,7.5
1097,183,4,10.4434393574257,3.4953267722464,0,0,7.5
1098,183,5,10.3501304347576,6.1781160752581,0,0,7.5
1099,184,0,9.22999208341715,3.86268708638211,1,0,10
1100,184,1,11.2230998152907,4.06085144917346,1,0,10
1101,184,2,11.1975062922558,4.79670851258076,1,0,10
1102,184,3,11.9944552603628,4.88443083850324,1,0,10
1103,184,4,12.3318790812706,6.6836017976324,1,0,10
1104,184,5,13.1612895302528,5.8380016591858,1,0,10
1105,185,0,10.3760337316201,5.41986240436019,1,0,9.25
1106,185,1,12.3887838839257,5.05327396630679,1,0,9.25
1107,185,2,11.9918749552423,4.96440043925375,1,0,9.25
1108,185,3,12.0147036960684,4.30803553932583,1,0,9.25
1109,185,4,12.721933796883,6.97532700577449,1,0,9.25
1110,185,5,11.566738658476,5.68711147431771,1,0,9.25
1111,186,0,8.83345305261604,3.77474130073629,1,0,8.5
1112,186,1,9.64653038313609,3.3987459357919,1,0,8.5
1113,186,2,11.9544208276057,6.0470514055819,1,0,8.5
1114,186,3,11.602645998836,4.66049618864142,1,0,8.5
1115,186,4,12.760949947757,5.85932816112593,1,0,8.5
1116,186,5,12.4206704628868,4.14226236956682,1,0,8.5
1117,187,0,9.64526418057962,3.45827726228417,1,0,5.5
1118,187,1,8.90599486190847,1.71216748440906,1,0,5.5
1119,187,2,8.44636071888576,3.42674993184313,1,0,5.5
1120,187,3,9.62235698528051,4.11689786097124,1,0,5.5
1121,187,4,11.2263445613076,4.0022483075905,1,0,5.5
1122,187,5,11.2608995461648,3.00873406382927,1,0,5.5
1123,188,0,9.21756035754369,4.2567361741992,1,0,5.25
1124,188,1,10.880099282895,2.45863632311253,1,0,5.25
1125,188,2,13.184671842113,5.20233660411056,1,0,5.25
1126,188,3,12.8521835775501,3.26126005452098,1,0,5.25
1127,188,4,12.3540668487818,6.08228191244766,1,0,5.25
1128,188,5,14.4201241258129,4.18302350137732,1,0,5.25
1129,189,0,13.1871737986942,5.12076534601584,0,0,6.5
1130,189,1,13.2503409119456,3.30460403059856,0,0,6.5
1131,189,2,11.197929991287,4.81150662129743,0,0,6.5
1132,189,3,12.0291337205849,3.91434664151476,0,0,6.5
1133,189,4,12.4032136804614,4.65959162332951,0,0,6.5
1134,189,5,12.3758216849118,5.44715781257939,0,0,6.5
1135,190,0,6.84348163741323,3.47676675463594,0,0,9.75
1136,190,1,9.21062553493334,4.42143525740405,0,0,9.75
1137,190,2,10.8299132797018,3.86687998161059,0,0,9.75
1138,190,3,10.0141664927652,4.31962673232372,0,0,9.75
1139,190,4,10.4698348239742,2.71906808033418,0,0,9.75
1140,190,5,11.165569394334,5.71687548518185,0,0,9.75
1141,191,0,9.62939270930332,3.91846320891885,1,0,5
1142,191,1,11.2227343140897,4.10990333000801,1,0,5
1143,191,2,11.2353303276156,3.74774664250745,1,0,5
1144,191,3,11.9884599460128,5.09534936683997,1,0,5
1145,191,4,12.3960647861532,4.87669735376005,1,0,5
1146,191,5,11.548575116046,6.24210566975177,1,0,5
1147,192,0,11.5624994316186,5.82441365589829,1,0,7.25
1148,192,1,11.9294617663135,6.77430239689875,1,0,7.25
1149,192,2,9.62575114641916,4.00581990289042,1,0,7.25
1150,192,3,11.6219796246904,4.11425752986742,1,0,7.25
1151,192,4,11.1639648989944,5.78227899088313,1,0,7.25
1152,192,5,11.5874047479354,5.10834369932727,1,0,7.25
1153,193,0,12.4419270860943,3.5388071301264,0,1,7.5
1154,193,1,11.2035467907247,4.64230551934663,0,1,7.5
1155,193,2,10.8023661367277,4.67625131813092,0,1,7.5
1156,193,3,10.7380587415234,6.52519766780118,0,1,7.5
1157,193,4,11.5913087767487,4.994169114448,0,1,7.5
1158,193,5,13.1525987380361,6.10714818234143,0,1,7.5
1159,194,0,9.57857575143259,5.37568236390363,0,1,5.5
1160,194,1,9.60983363967095,4.47696522300436,0,1,5.5
1161,194,2,10.4558902008711,3.15276121133787,0,1,5.5
1162,194,3,12.4169754468578,4.27162619028121,0,1,5.5
1163,194,4,13.6119912845764,4.41492928360653,0,1,5.5
1164,194,5,13.2060766551275,4.58498488132508,0,1,5.5
1165,195,0,9.57233334042608,5.54938077015813,0,1,6.25
1166,195,1,10.7837702933686,5.22054903428541,0,1,6.25
1167,195,2,8.8391842339398,3.62730454328476,0,1,6.25
1168,195,3,8.81825212878547,4.2291379606242,0,1,6.25
1169,195,4,9.6596471670453,3.03896061567355,0,1,6.25
1170,195,5,10.0271202357252,3.97416489100088,0,1,6.25
1171,196,0,8.83018910935026,3.86665803347369,1,0,8.75
1172,196,1,9.95851901620817,5.92729439846002,1,0,8.75
1173,196,2,10.7979271926699,4.7942426897949,1,0,8.75
1174,196,3,12.3771932923548,5.39037738286154,1,0,8.75
1175,196,4,13.19414255823,4.90305732938914,1,0,8.75
1176,196,5,12.7529173750265,6.08835105426432,1,0,8.75
1177,197,0,11.6174607595186,4.25959978583113,1,1,5.25
1178,197,1,10.0070280159868,4.55955880312501,1,1,5.25
1179,197,2,11.2249395268998,4.0445725777527,1,1,5.25
1180,197,3,12.7935359344961,4.94747895977764,1,1,5.25
1181,197,4,13.1624406292779,5.84152156393737,1,1,5.25
1182,197,5,15.1391921716863,6.50995403057428,1,1,5.25
1183,198,0,10.0192530151518,4.17145345773021,0,1,10
1184,198,1,11.5434056615169,6.35219312522523,0,1,10
1185,198,2,11.958059473943,5.93087123980603,0,1,10
1186,198,3,12.8538028090505,3.17808846280417,0,1,10
1187,198,4,13.1830979402269,5.21097299653379,0,1,10
1188,198,5,13.5787148888377,5.33699313528537,0,1,10
1189,199,0,10.3888079349406,5.07956263125927,1,0,5.75
1190,199,1,9.18798722810533,5.1031593405074,1,0,5.75
1191,199,2,10.7965742123468,4.8562690238101,1,0,5.75
1192,199,3,10.8344767743057,3.76650627794885,1,0,5.75
1193,199,4,11.2178738838572,4.24386745221446,1,0,5.75
1194,199,5,11.2272670013143,3.97379944247646,1,0,5.75
1195,200,0,11.2392687668959,3.60752968138229,0,1,8.5
1196,200,1,12.874129445856,2.60522621526622,0,1,8.5
1197,200,2,13.6149009469105,4.30814570957668,0,1,8.5
1198,200,3,13.9220915804594,6.97657192664804,0,1,8.5
1199,200,4,13.2108146331589,4.42563413949305,0,1,8.5
1200,200,5,13.5191042590238,7.06246246919278,0,1,8.5
